Method,Dataset,ProductName,fscore,auc,pf
Menzies11-RF,PROMISE,ant-1.3,0.36,0.625,0.2
Menzies11-RF,PROMISE,ant-1.4,0.1408450704225352,0.4682971014492754,0.1884057971014492
Menzies11-RF,PROMISE,ant-1.5,0.3111111111111111,0.6344588122605364,0.1685823754789272
Menzies11-RF,PROMISE,ant-1.6,0.3867403314917128,0.5859702870572436,0.2084942084942085
Menzies11-RF,PROMISE,ant-1.7,0.3667621776504298,0.5900076991905445,0.2055267702936096
Menzies11-RF,PROMISE,arc,0.2718446601941747,0.6095008051529791,0.2995169082125604
Menzies11-RF,PROMISE,berek,0.8275862068965517,0.8564814814814815,0.037037037037037
Menzies11-RF,PROMISE,camel-1.0,0.1875,0.6617508258612553,0.1380368098159509
Menzies11-RF,PROMISE,camel-1.2,0.298780487804878,0.533068783068783,0.1607142857142857
Menzies11-RF,PROMISE,camel-1.4,0.2523076923076923,0.5457809609638097,0.1911966987620357
Menzies11-RF,PROMISE,camel-1.6,0.217877094972067,0.5194248199567348,0.1685971685971685
Menzies11-RF,PROMISE,ckjm,0.3333333333333333,0.6,0.0
Menzies11-RF,PROMISE,e-learning,0.125,0.5152542372881356,0.1694915254237288
Menzies11-RF,PROMISE,forrest-0.7,0.2,0.5166666666666667,0.1666666666666666
Menzies11-RF,PROMISE,ivy-1.1,0.4,0.5491071428571429,0.1875
Menzies11-RF,PROMISE,ivy-1.4,0.1538461538461538,0.5584722222222223,0.1955555555555556
Menzies11-RF,PROMISE,ivy-2.0,0.225,0.5628205128205128,0.0993589743589743
Menzies11-RF,PROMISE,jedit-3.2,0.5263157894736842,0.6510989010989011,0.1978021978021978
Menzies11-RF,PROMISE,jedit-4.0,0.4065934065934065,0.5951515151515151,0.303030303030303
Menzies11-RF,PROMISE,jedit-4.1,0.4639175257731958,0.6345955343076004,0.3004291845493562
Menzies11-RF,PROMISE,jedit-4.2,0.3771428571428571,0.6964145768025078,0.2946708463949843
Menzies11-RF,PROMISE,jedit-4.3,0.0392156862745098,0.4853524853524854,0.3929313929313929
Menzies11-RF,PROMISE,kalkulator,0.4,0.6071428571428571,0.2857142857142857
Menzies11-RF,PROMISE,log4j-1.0,0.4137931034482759,0.6170646476412347,0.1188118811881188
Menzies11-RF,PROMISE,log4j-1.1,0.2745098039215686,0.5459834834834835,0.0972222222222222
Menzies11-RF,PROMISE,log4j-1.2,0.3620689655172413,0.5798611111111112,0.0625
Menzies11-RF,PROMISE,lucene-2.0,0.4393939393939393,0.6016483516483516,0.1153846153846154
Menzies11-RF,PROMISE,lucene-2.2,0.2696629213483146,0.5347896440129449,0.0970873786407767
Menzies11-RF,PROMISE,lucene-2.4,0.4142857142857143,0.5735140771637122,0.1386861313868613
Menzies11-RF,PROMISE,nieruchomosci,0.3529411764705882,0.5323529411764706,0.2352941176470588
Menzies11-RF,PROMISE,pbeans1,0.2608695652173913,0.575,0.0
Menzies11-RF,PROMISE,pbeans2,0.4,0.6256097560975611,0.048780487804878
Menzies11-RF,PROMISE,pdftranslator,0.4210526315789474,0.6333333333333333,0.0
Menzies11-RF,PROMISE,poi-1.5,0.4120603015075377,0.5568484042553191,0.1770833333333333
Menzies11-RF,PROMISE,poi-2.0,0.1666666666666666,0.4716557712947605,0.4620938628158845
Menzies11-RF,PROMISE,poi-2.5,0.5207756232686981,0.6201730633388274,0.1386861313868613
Menzies11-RF,PROMISE,poi-3.0,0.4237726098191215,0.5713733118189253,0.1490683229813664
Menzies11-RF,PROMISE,redaktor,0.1142857142857142,0.4432015908525976,0.261744966442953
Menzies11-RF,PROMISE,serapion,0.3333333333333333,0.5833333333333334,0.1666666666666666
Menzies11-RF,PROMISE,skarbonka,0.4210526315789474,0.6388888888888888,0.1666666666666666
Menzies11-RF,PROMISE,sklebagd,0.4444444444444444,0.5416666666666666,0.25
Menzies11-RF,PROMISE,synapse-1.0,0.3673469387755101,0.6961436170212766,0.1702127659574468
Menzies11-RF,PROMISE,synapse-1.1,0.3333333333333333,0.5574074074074075,0.1851851851851852
Menzies11-RF,PROMISE,synapse-1.2,0.4605263157894737,0.612311901504788,0.1823529411764705
Menzies11-RF,PROMISE,systemdata,0.2222222222222222,0.5486111111111112,0.125
Menzies11-RF,PROMISE,szybkafucha,0.1333333333333333,0.5357142857142857,0.0
Menzies11-RF,PROMISE,termoproject,0.1904761904761905,0.473474801061008,0.2068965517241379
Menzies11-RF,PROMISE,tomcat,0.2357142857142857,0.605450887141028,0.2176696542893726
Menzies11-RF,PROMISE,velocity-1.4,0.2372881355932203,0.4795918367346938,0.1836734693877551
Menzies11-RF,PROMISE,velocity-1.5,0.2430939226519337,0.4594092331768388,0.2361111111111111
Menzies11-RF,PROMISE,velocity-1.6,0.2909090909090909,0.5495839701137715,0.1059602649006622
Menzies11-RF,PROMISE,workflow,0.3703703703703704,0.5723684210526315,0.1052631578947368
Menzies11-RF,PROMISE,wspomaganiepi,0.3529411764705882,0.4583333333333333,0.3333333333333333
Menzies11-RF,PROMISE,xalan-2.4,0.3095238095238095,0.5932596767017648,0.1680261011419249
Menzies11-RF,PROMISE,xalan-2.5,0.3485915492957747,0.5293492844364938,0.1971153846153846
Menzies11-RF,PROMISE,xalan-2.6,0.3770491803278688,0.5512950814623179,0.1772151898734177
Menzies11-RF,PROMISE,xalan-2.7,0.3507805325987144,0.606347438752784,0.0
Menzies11-RF,PROMISE,xerces-1.2,0.2929936305732484,0.5766059773273791,0.1707317073170731
Menzies11-RF,PROMISE,xerces-1.3,0.2836879432624113,0.5772192028985508,0.1354166666666666
Menzies11-RF,PROMISE,xerces-1.4,0.3663003663003664,0.5846151514692288,0.0596026490066225
Menzies11-RF,PROMISE,xerces-init,0.3103448275862069,0.493353705118411,0.2470588235294117
Menzies11-RF,PROMISE,zuzel,0.5714285714285714,0.6682692307692307,0.125
Menzies11-RF,NASA,CM1,0.2,0.5425733207190161,0.1291390728476821
Menzies11-RF,NASA,JM1,0.1793221793221793,0.5362405139736514,0.0463364820015317
Menzies11-RF,NASA,KC1,0.1313131313131313,0.5272953133822699,0.0254093732354601
Menzies11-RF,NASA,KC3,0.097560975609756,0.5186314363143631,0.0182926829268292
Menzies11-RF,NASA,MC1,0.0958083832335329,0.5538827106475124,0.0098816375285047
Menzies11-RF,NASA,MC2,0.2456140350877193,0.5434008762322016,0.072289156626506
Menzies11-RF,NASA,MW1,0.1290322580645161,0.5328176277543366,0.0084388185654008
Menzies11-RF,NASA,PC1,0.1265822784810126,0.5316712856404716,0.0186246418338108
Menzies11-RF,NASA,PC2,0.1403508771929824,0.6132090503505417,0.0235818992989165
Menzies11-RF,NASA,PC3,0.1,0.5164068165337201,0.0314720812182741
Menzies11-RF,NASA,PC4,0.0571428571428571,0.506206921937259,0.0212940212940212
Menzies11-RF,NASA,PC5,0.2028571428571428,0.5667578960712629,0.0076372893684082
Menzies11-RF,AEEEM,pde,0.2360248447204969,0.5617941840767928,0.0582298136645962
Menzies11-RF,AEEEM,mylyn,0.1453287197231833,0.5357452071737786,0.0142238713667285
Menzies11-RF,AEEEM,lucene,0.2588235294117647,0.5779630183413078,0.0159489633173843
Menzies11-RF,AEEEM,equinox,0.2745098039215686,0.5737030411449016,0.0153846153846153
Menzies11-RF,AEEEM,eclipse,0.4292929292929293,0.6399389981957213,0.1327433628318584
Menzies11-RF,RELINK,Apache2.0,0.6914893617021276,0.7014243197278912,0.2604166666666667
Menzies11-RF,RELINK,zxing1.6,0.4725738396624473,0.6251884914651065,0.2241992882562277
Menzies11-RF,RELINK,openintents,0.5000000000000001,0.6310160427807486,0.1470588235294117
CamargoCruz09-DT,PROMISE,ant-1.3,0.3513513513513513,0.6073809523809524,0.3904761904761905
CamargoCruz09-DT,PROMISE,ant-1.4,0.3076923076923076,0.5211050724637681,0.427536231884058
CamargoCruz09-DT,PROMISE,ant-1.5,0.2657342657342657,0.6588242337164751,0.3524904214559387
CamargoCruz09-DT,PROMISE,ant-1.6,0.4910714285714286,0.6394787644787645,0.2972972972972973
CamargoCruz09-DT,PROMISE,ant-1.7,0.44543429844098,0.624565619992925,0.3160621761658031
CamargoCruz09-DT,PROMISE,arc,0.2926829268292683,0.6897477187332259,0.2077294685990338
CamargoCruz09-DT,PROMISE,berek,0.5833333333333334,0.7083333333333334,0.037037037037037
CamargoCruz09-DT,PROMISE,camel-1.0,0.0754716981132075,0.4708588957055215,0.2730061349693251
CamargoCruz09-DT,PROMISE,camel-1.2,0.3193717277486911,0.5033304988662132,0.2678571428571428
CamargoCruz09-DT,PROMISE,camel-1.4,0.3373493975903614,0.5734335720722857,0.1801925722145805
CamargoCruz09-DT,PROMISE,camel-1.6,0.345,0.6106889564336373,0.184041184041184
CamargoCruz09-DT,PROMISE,ckjm,0.3333333333333333,0.56,0.0
CamargoCruz09-DT,PROMISE,e-learning,0.08,0.3593220338983051,0.3220338983050847
CamargoCruz09-DT,PROMISE,forrest-0.7,0.3076923076923077,0.675,0.25
CamargoCruz09-DT,PROMISE,ivy-1.1,0.4666666666666666,0.4985119047619048,0.125
CamargoCruz09-DT,PROMISE,ivy-1.4,0.2222222222222222,0.6088888888888889,0.2488888888888889
CamargoCruz09-DT,PROMISE,ivy-2.0,0.2896551724137931,0.5817708333333333,0.2692307692307692
CamargoCruz09-DT,PROMISE,jedit-3.2,0.5851063829787235,0.7013125763125763,0.2362637362637362
CamargoCruz09-DT,PROMISE,jedit-4.0,0.5,0.6451370851370851,0.2727272727272727
CamargoCruz09-DT,PROMISE,jedit-4.1,0.5473684210526315,0.7090780681262563,0.2532188841201717
CamargoCruz09-DT,PROMISE,jedit-4.2,0.3949044585987262,0.6732301462904912,0.2445141065830721
CamargoCruz09-DT,PROMISE,jedit-4.3,0.0531914893617021,0.5828765828765828,0.3575883575883576
CamargoCruz09-DT,PROMISE,kalkulator,0.5454545454545454,0.7261904761904762,0.0952380952380952
CamargoCruz09-DT,PROMISE,log4j-1.0,0.2666666666666666,0.4684041933605125,0.1782178217821782
CamargoCruz09-DT,PROMISE,log4j-1.1,0.4,0.5797672672672672,0.1527777777777778
CamargoCruz09-DT,PROMISE,log4j-1.2,0.3231441048034934,0.4393187830687831,0.1875
CamargoCruz09-DT,PROMISE,lucene-2.0,0.4179104477611941,0.540257819103973,0.1442307692307692
CamargoCruz09-DT,PROMISE,lucene-2.2,0.3673469387755102,0.5515102481121898,0.1553398058252427
CamargoCruz09-DT,PROMISE,lucene-2.4,0.4097222222222222,0.5464384596023156,0.1897810218978102
CamargoCruz09-DT,PROMISE,nieruchomosci,0.3076923076923076,0.4294117647058823,0.0588235294117647
CamargoCruz09-DT,PROMISE,pbeans1,0.6666666666666666,0.7666666666666667,0.0
CamargoCruz09-DT,PROMISE,pbeans2,0.5,0.6890243902439024,0.2682926829268293
CamargoCruz09-DT,PROMISE,pdftranslator,0.7407407407407408,0.8314814814814815,0.1111111111111111
CamargoCruz09-DT,PROMISE,poi-1.5,0.3103448275862068,0.5353871158392435,0.0625
CamargoCruz09-DT,PROMISE,poi-2.0,0.2298850574712644,0.5384427749048688,0.1444043321299639
CamargoCruz09-DT,PROMISE,poi-2.5,0.3037974683544304,0.6662497056745939,0.145985401459854
CamargoCruz09-DT,PROMISE,poi-3.0,0.4106666666666667,0.4927609911363586,0.1055900621118012
CamargoCruz09-DT,PROMISE,redaktor,0.4285714285714286,0.7197365150385284,0.1879194630872483
CamargoCruz09-DT,PROMISE,serapion,0.5555555555555556,0.6419753086419753,0.1111111111111111
CamargoCruz09-DT,PROMISE,skarbonka,0.375,0.5277777777777778,0.1111111111111111
CamargoCruz09-DT,PROMISE,sklebagd,0.7826086956521738,0.75,0.25
CamargoCruz09-DT,PROMISE,synapse-1.0,0.2432432432432433,0.5990691489361702,0.3475177304964539
CamargoCruz09-DT,PROMISE,synapse-1.1,0.4675324675324675,0.5679012345679012,0.3580246913580247
CamargoCruz09-DT,PROMISE,synapse-1.2,0.427807486631016,0.49312585499316,0.3588235294117647
CamargoCruz09-DT,PROMISE,systemdata,0.1818181818181818,0.501984126984127,0.1964285714285714
CamargoCruz09-DT,PROMISE,szybkafucha,0.4347826086956521,0.4220779220779221,0.3636363636363637
CamargoCruz09-DT,PROMISE,termoproject,0.125,0.3395225464190981,0.0689655172413793
CamargoCruz09-DT,PROMISE,tomcat,0.3043478260869565,0.6090011141227529,0.2010243277848911
CamargoCruz09-DT,PROMISE,velocity-1.4,0.4,0.611550742746078,0.1836734693877551
CamargoCruz09-DT,PROMISE,velocity-1.5,0.2790697674418605,0.5159428794992176,0.0833333333333333
CamargoCruz09-DT,PROMISE,velocity-1.6,0.3275862068965517,0.5199949057564952,0.1258278145695364
CamargoCruz09-DT,PROMISE,workflow,0.3571428571428571,0.6434210526315789,0.1578947368421052
CamargoCruz09-DT,PROMISE,wspomaganiepi,0.0,0.75,0.0
CamargoCruz09-DT,PROMISE,xalan-2.4,0.3260869565217391,0.6786890108260418,0.197389885807504
CamargoCruz09-DT,PROMISE,xalan-2.5,0.423407917383821,0.6239347296760087,0.1706730769230769
CamargoCruz09-DT,PROMISE,xalan-2.6,0.475,0.5966691305552989,0.1624472573839662
CamargoCruz09-DT,PROMISE,xalan-2.7,0.3613138686131385,0.4963049200242965,0.0
CamargoCruz09-DT,PROMISE,xerces-1.2,0.1642512077294685,0.4653231039352647,0.3224932249322493
CamargoCruz09-DT,PROMISE,xerces-1.3,0.2697674418604651,0.509171195652174,0.3046875
CamargoCruz09-DT,PROMISE,xerces-1.4,0.521311475409836,0.5665737190658766,0.0927152317880794
CamargoCruz09-DT,PROMISE,xerces-init,0.2686567164179104,0.4493506493506493,0.4588235294117647
CamargoCruz09-DT,PROMISE,zuzel,0.4545454545454546,0.4711538461538462,0.25
CamargoCruz09-DT,RELINK,Apache2.0,0.6035502958579881,0.6758078231292517,0.2083333333333333
CamargoCruz09-DT,RELINK,zxing1.6,0.4701492537313433,0.6120544061764883,0.3096085409252669
CamargoCruz09-DT,RELINK,openintents,0.5555555555555556,0.6564171122994652,0.1176470588235294
CamargoCruz09-DT,AEEEM,pde,0.288659793814433,0.6090151267496805,0.0954968944099378
CamargoCruz09-DT,AEEEM,mylyn,0.2,0.4919528479295243,0.0878169449598021
CamargoCruz09-DT,AEEEM,lucene,0.2836879432624113,0.5790470494417863,0.0909090909090909
CamargoCruz09-DT,AEEEM,equinox,0.3333333333333333,0.698529119459352,0.0051282051282051
CamargoCruz09-DT,AEEEM,eclipse,0.4524590163934426,0.6412185632049882,0.0379266750948166
CamargoCruz09-DT,NASA,CM1,0.0444444444444444,0.5854225796278777,0.0066225165562913
CamargoCruz09-DT,NASA,JM1,0.0347637153720803,0.5977239052000413,0.006382435537401
CamargoCruz09-DT,NASA,KC1,0.0693333333333333,0.6415167441254398,0.0208921513269339
CamargoCruz09-DT,NASA,KC3,0.1025641025641025,0.6034044715447154,0.0060975609756097
CamargoCruz09-DT,NASA,MC1,0.0103626943005181,0.8683528900755655,0.01346508850038
CamargoCruz09-DT,NASA,MC2,0.2,0.5700985761226726,0.0120481927710843
CamargoCruz09-DT,NASA,MW1,0.0,0.7115955618065323,0.0042194092827004
CamargoCruz09-DT,NASA,PC1,0.1095890410958904,0.6787777725585984,0.0114613180515759
CamargoCruz09-DT,NASA,PC2,0.1224489795918367,0.8944789674952199,0.0191204588910133
CamargoCruz09-DT,NASA,PC3,0.0259740259740259,0.6758774474256708,0.0121827411167512
CamargoCruz09-DT,NASA,PC4,0.0483091787439613,0.6515335560279379,0.0196560196560196
CamargoCruz09-DT,NASA,PC5,0.3027965284474445,0.8814401745666142,0.022851254697539
Watanabe08-DT,PROMISE,ant-1.3,0.3265306122448979,0.6852380952380952,0.2
Watanabe08-DT,PROMISE,ant-1.4,0.3571428571428571,0.5557971014492754,0.2101449275362318
Watanabe08-DT,PROMISE,ant-1.5,0.2644628099173554,0.6479286398467433,0.2796934865900383
Watanabe08-DT,PROMISE,ant-1.6,0.3804347826086957,0.6012884002014437,0.22007722007722
Watanabe08-DT,PROMISE,ant-1.7,0.3604938271604938,0.6171161329254843,0.2867012089810017
Watanabe08-DT,PROMISE,arc,0.237037037037037,0.5288960458042584,0.4444444444444444
Watanabe08-DT,PROMISE,berek,0.5,0.6307870370370371,0.1851851851851852
Watanabe08-DT,PROMISE,camel-1.0,0.1568627450980392,0.6869985842378481,0.2484662576687117
Watanabe08-DT,PROMISE,camel-1.2,0.3176470588235294,0.5258467970521542,0.1785714285714285
Watanabe08-DT,PROMISE,camel-1.4,0.2786069651741293,0.5767205805625385,0.2764786795048143
Watanabe08-DT,PROMISE,camel-1.6,0.3433133732534931,0.5764054327884115,0.2921492921492921
Watanabe08-DT,PROMISE,ckjm,0.5,0.34,0.8
Watanabe08-DT,PROMISE,e-learning,0.1276595744680851,0.3847457627118644,0.6610169491525424
Watanabe08-DT,PROMISE,forrest-0.7,0.5714285714285714,0.7958333333333333,0.2083333333333333
Watanabe08-DT,PROMISE,ivy-1.1,0.391304347826087,0.5828373015873016,0.2291666666666666
Watanabe08-DT,PROMISE,ivy-1.4,0.1694915254237288,0.6923611111111111,0.1688888888888889
Watanabe08-DT,PROMISE,ivy-2.0,0.2251655629139072,0.6133814102564102,0.3012820512820513
Watanabe08-DT,PROMISE,jedit-3.2,0.4819277108433735,0.6503357753357754,0.1978021978021978
Watanabe08-DT,PROMISE,jedit-4.0,0.4968944099378882,0.6677922077922078,0.1991341991341991
Watanabe08-DT,PROMISE,jedit-4.1,0.47,0.6171565165426196,0.3175965665236051
Watanabe08-DT,PROMISE,jedit-4.2,0.3575418994413408,0.6891327063740856,0.3103448275862069
Watanabe08-DT,PROMISE,jedit-4.3,0.0519480519480519,0.5026460026460027,0.288981288981289
Watanabe08-DT,PROMISE,kalkulator,0.2222222222222222,0.4047619047619048,0.0952380952380952
Watanabe08-DT,PROMISE,log4j-1.0,0.4615384615384616,0.6633663366336634,0.2574257425742574
Watanabe08-DT,PROMISE,log4j-1.1,0.4126984126984127,0.5853978978978979,0.1805555555555555
Watanabe08-DT,PROMISE,log4j-1.2,0.3713080168776371,0.5499338624338624,0.25
Watanabe08-DT,PROMISE,lucene-2.0,0.3720930232558139,0.6402683854606932,0.1346153846153846
Watanabe08-DT,PROMISE,lucene-2.2,0.2758620689655172,0.6070995145631068,0.058252427184466
Watanabe08-DT,PROMISE,lucene-2.4,0.3487544483985765,0.5329006508216173,0.2116788321167883
Watanabe08-DT,PROMISE,nieruchomosci,0.48,0.5882352941176471,0.5294117647058824
Watanabe08-DT,PROMISE,pbeans1,0.6874999999999999,0.6875,0.1666666666666666
Watanabe08-DT,PROMISE,pbeans2,0.3529411764705882,0.6817073170731708,0.0975609756097561
Watanabe08-DT,PROMISE,pdftranslator,0.5,0.6,0.3333333333333333
Watanabe08-DT,PROMISE,poi-1.5,0.3384615384615385,0.5808953900709221,0.21875
Watanabe08-DT,PROMISE,poi-2.0,0.2909090909090909,0.6003024685335154,0.2057761732851985
Watanabe08-DT,PROMISE,poi-2.5,0.4281984334203655,0.5180568636684718,0.3868613138686132
Watanabe08-DT,PROMISE,poi-3.0,0.4652278177458034,0.6100108308834906,0.2422360248447205
Watanabe08-DT,PROMISE,redaktor,0.2330097087378641,0.5084514044245588,0.4295302013422818
Watanabe08-DT,PROMISE,serapion,0.5217391304347826,0.6959876543209876,0.2222222222222222
Watanabe08-DT,PROMISE,skarbonka,0.2608695652173913,0.6219135802469136,0.3055555555555556
Watanabe08-DT,PROMISE,sklebagd,0.5,0.8802083333333334,0.0
Watanabe08-DT,PROMISE,synapse-1.0,0.2758620689655172,0.5600620567375887,0.4184397163120567
Watanabe08-DT,PROMISE,synapse-1.1,0.2830188679245283,0.5241769547325102,0.191358024691358
Watanabe08-DT,PROMISE,synapse-1.2,0.3458646616541353,0.6325581395348837,0.1411764705882353
Watanabe08-DT,PROMISE,systemdata,0.3157894736842105,0.6924603174603174,0.125
Watanabe08-DT,PROMISE,szybkafucha,0.2857142857142857,0.4285714285714285,0.3636363636363637
Watanabe08-DT,PROMISE,termoproject,0.4000000000000001,0.5358090185676393,0.3793103448275862
Watanabe08-DT,PROMISE,tomcat,0.248,0.6751168166020919,0.1818181818181818
Watanabe08-DT,PROMISE,velocity-1.4,0.4834123222748815,0.6050950992641955,0.2653061224489796
Watanabe08-DT,PROMISE,velocity-1.5,0.4739336492890995,0.5059663536776213,0.2638888888888889
Watanabe08-DT,PROMISE,velocity-1.6,0.4530386740331492,0.5807862115809136,0.4105960264900662
Watanabe08-DT,PROMISE,workflow,0.4864864864864865,0.5381578947368421,0.4210526315789473
Watanabe08-DT,PROMISE,wspomaganiepi,0.5263157894736842,0.6319444444444444,0.3333333333333333
Watanabe08-DT,PROMISE,xalan-2.4,0.2737430167597765,0.5701913095061545,0.3246329526916802
Watanabe08-DT,PROMISE,xalan-2.5,0.4191063174114021,0.5431915871596105,0.3028846153846153
Watanabe08-DT,PROMISE,xalan-2.6,0.4828571428571429,0.6511621341382037,0.2531645569620253
Watanabe08-DT,PROMISE,xalan-2.7,0.3790613718411552,0.6980664102044949,0.0
Watanabe08-DT,PROMISE,xerces-1.2,0.2131979695431472,0.5213366922401619,0.2845528455284553
Watanabe08-DT,PROMISE,xerces-1.3,0.3316582914572864,0.568972675120773,0.2526041666666667
Watanabe08-DT,PROMISE,xerces-1.4,0.4915254237288135,0.5192462151635928,0.0529801324503311
Watanabe08-DT,PROMISE,xerces-init,0.4264705882352941,0.4995416348357525,0.3529411764705882
Watanabe08-DT,PROMISE,zuzel,0.3333333333333333,0.5721153846153846,0.125
Watanabe08-DT,AEEEM,pde,0.3092783505154639,0.5774187197242117,0.156055900621118
Watanabe08-DT,AEEEM,mylyn,0.31640625,0.6637966503855717,0.1150278293135436
Watanabe08-DT,AEEEM,lucene,0.2903225806451613,0.5894637161084529,0.1515151515151515
Watanabe08-DT,AEEEM,equinox,0.2822085889570552,0.6286225402504473,0.0564102564102564
Watanabe08-DT,AEEEM,eclipse,0.3061889250814332,0.4785143544487131,0.06826801517067
Turhan09-DT,PROMISE,ant-1.3,0.380952380952381,0.6461904761904762,0.2952380952380952
Turhan09-DT,PROMISE,ant-1.4,0.2173913043478261,0.4259963768115942,0.3043478260869565
Turhan09-DT,PROMISE,ant-1.5,0.2181818181818182,0.5580699233716475,0.2528735632183908
Turhan09-DT,PROMISE,ant-1.6,0.4747474747474748,0.6457319120362599,0.2277992277992278
Turhan09-DT,PROMISE,ant-1.7,0.4683195592286502,0.6180681274320078,0.1934369602763385
Turhan09-DT,PROMISE,arc,0.2898550724637681,0.6090534979423868,0.1545893719806763
Turhan09-DT,PROMISE,berek,0.8275862068965517,0.8530092592592593,0.037037037037037
Turhan09-DT,PROMISE,camel-1.0,0.0987654320987654,0.5733836715431807,0.196319018404908
Turhan09-DT,PROMISE,camel-1.2,0.36,0.5845202664399093,0.1811224489795918
Turhan09-DT,PROMISE,camel-1.4,0.2953020134228187,0.5790067827159323,0.1499312242090784
Turhan09-DT,PROMISE,camel-1.6,0.3027295285359801,0.5430871601084367,0.1981981981981982
Turhan09-DT,PROMISE,ckjm,0.0,0.5,0.0
Turhan09-DT,PROMISE,e-learning,0.0,0.4084745762711864,0.1525423728813559
Turhan09-DT,PROMISE,forrest-0.7,0.5000000000000001,0.8125,0.2916666666666667
Turhan09-DT,PROMISE,ivy-1.1,0.4137931034482759,0.6337632275132276,0.125
Turhan09-DT,PROMISE,ivy-1.4,0.1538461538461538,0.4963888888888889,0.1422222222222222
Turhan09-DT,PROMISE,ivy-2.0,0.3100775193798449,0.6036057692307693,0.2211538461538461
Turhan09-DT,PROMISE,jedit-3.2,0.5149700598802396,0.5830280830280831,0.1868131868131868
Turhan09-DT,PROMISE,jedit-4.0,0.4891304347826087,0.5908513708513708,0.277056277056277
Turhan09-DT,PROMISE,jedit-4.1,0.5257731958762887,0.6676536100396588,0.2746781115879828
Turhan09-DT,PROMISE,jedit-4.2,0.3786407766990292,0.7184234587251829,0.3730407523510972
Turhan09-DT,PROMISE,jedit-4.3,0.0558659217877094,0.5195615195615195,0.3388773388773389
Turhan09-DT,PROMISE,kalkulator,0.0,0.1944444444444444,0.2857142857142857
Turhan09-DT,PROMISE,log4j-1.0,0.5283018867924528,0.6959813628421666,0.0495049504950495
Turhan09-DT,PROMISE,log4j-1.1,0.5714285714285714,0.7047672672672672,0.1111111111111111
Turhan09-DT,PROMISE,log4j-1.2,0.3644067796610169,0.4054232804232804,0.25
Turhan09-DT,PROMISE,lucene-2.0,0.4923076923076923,0.6204564666103127,0.0673076923076923
Turhan09-DT,PROMISE,lucene-2.2,0.3684210526315789,0.5576793419633226,0.1067961165048543
Turhan09-DT,PROMISE,lucene-2.4,0.4259927797833935,0.5459170831685305,0.1094890510948905
Turhan09-DT,PROMISE,nieruchomosci,0.4615384615384615,0.5441176470588235,0.0
Turhan09-DT,PROMISE,pbeans1,0.0952380952380952,0.475,0.0
Turhan09-DT,PROMISE,pbeans2,0.4705882352941176,0.6365853658536585,0.073170731707317
Turhan09-DT,PROMISE,pdftranslator,0.4210526315789474,0.6333333333333333,0.0
Turhan09-DT,PROMISE,poi-1.5,0.4901960784313726,0.5651965130023641,0.1354166666666666
Turhan09-DT,PROMISE,poi-2.0,0.2388059701492537,0.5847887598790126,0.2924187725631769
Turhan09-DT,PROMISE,poi-2.5,0.5311653116531165,0.487623616670591,0.1678832116788321
Turhan09-DT,PROMISE,poi-3.0,0.6811279826464207,0.7263654649543556,0.1428571428571428
Turhan09-DT,PROMISE,redaktor,0.1415929203539823,0.4652000994282873,0.5234899328859061
Turhan09-DT,PROMISE,serapion,0.2,0.5030864197530864,0.25
Turhan09-DT,PROMISE,skarbonka,0.4,0.654320987654321,0.3055555555555556
Turhan09-DT,PROMISE,sklebagd,0.1428571428571428,0.6770833333333334,0.125
Turhan09-DT,PROMISE,synapse-1.0,0.2727272727272727,0.6788563829787234,0.1560283687943262
Turhan09-DT,PROMISE,synapse-1.1,0.4511278195488722,0.5659465020576132,0.2654320987654321
Turhan09-DT,PROMISE,synapse-1.2,0.3275862068965517,0.5856019151846785,0.0647058823529411
Turhan09-DT,PROMISE,systemdata,0.4545454545454546,0.7599206349206349,0.1428571428571428
Turhan09-DT,PROMISE,szybkafucha,0.2222222222222222,0.5616883116883117,0.1818181818181818
Turhan09-DT,PROMISE,termoproject,0.7096774193548387,0.7599469496021221,0.2413793103448276
Turhan09-DT,PROMISE,tomcat,0.1871921182266009,0.6662786637178443,0.1370038412291933
Turhan09-DT,PROMISE,velocity-1.4,0.2122905027932961,0.4255171456337637,0.2653061224489796
Turhan09-DT,PROMISE,velocity-1.5,0.3444444444444444,0.5359937402190923,0.0972222222222222
Turhan09-DT,PROMISE,velocity-1.6,0.3050847457627119,0.4849719816607234,0.1456953642384106
Turhan09-DT,PROMISE,workflow,0.4,0.6447368421052632,0.0
Turhan09-DT,PROMISE,wspomaganiepi,0.5555555555555556,0.6388888888888888,0.1666666666666666
Turhan09-DT,PROMISE,xalan-2.4,0.3241379310344828,0.5879208067625686,0.2169657422512235
Turhan09-DT,PROMISE,xalan-2.5,0.4410256410256409,0.5775970234545816,0.1658653846153846
Turhan09-DT,PROMISE,xalan-2.6,0.3377926421404682,0.5873089203034689,0.1814345991561181
Turhan09-DT,PROMISE,xalan-2.7,0.45,0.6940676250253087,0.0909090909090909
Turhan09-DT,PROMISE,xerces-1.2,0.2320441988950276,0.4861635940303065,0.2411924119241192
Turhan09-DT,PROMISE,xerces-1.3,0.4397905759162304,0.7114092693236715,0.2083333333333333
Turhan09-DT,PROMISE,xerces-1.4,0.3752276867030966,0.6745419552336066,0.0596026490066225
Turhan09-DT,PROMISE,xerces-init,0.3559322033898305,0.374637127578304,0.2352941176470588
Turhan09-DT,PROMISE,zuzel,0.5454545454545455,0.5865384615384616,0.1875
Turhan09-DT,AEEEM,pde,0.2731277533039648,0.5514614104431038,0.1420807453416149
Turhan09-DT,AEEEM,mylyn,0.1967213114754098,0.5107833857104994,0.0525664811379097
Turhan09-DT,AEEEM,lucene,0.2131147540983606,0.5000623006379585,0.0717703349282296
Turhan09-DT,AEEEM,equinox,0.3255813953488372,0.5428741800834824,0.0769230769230769
Turhan09-DT,AEEEM,eclipse,0.3467153284671533,0.5472733298147853,0.3122629582806574
Turhan09-DT,RELINK,Apache2.0,0.7254901960784315,0.7292729591836735,0.3333333333333333
Turhan09-DT,RELINK,zxing1.6,0.1917808219178082,0.5344110018698354,0.0498220640569395
Turhan09-DT,RELINK,openintents,0.6666666666666667,0.6410427807486629,0.1176470588235294
Watanabe08-DT,RELINK,Apache2.0,0.3939393939393939,0.5222682823129252,0.0833333333333333
Watanabe08-DT,RELINK,zxing1.6,0.3739130434782609,0.5343959225526268,0.2455516014234875
Watanabe08-DT,RELINK,openintents,0.6976744186046512,0.7493315508021391,0.1764705882352941
Watanabe08-DT,NASA,CM1,0.04,0.5500236518448439,0.0231788079470198
Watanabe08-DT,NASA,JM1,0.1,0.6177710299981002,0.0228491192238958
Watanabe08-DT,NASA,KC1,0.1121951219512195,0.6639369326325848,0.0350084697910784
Watanabe08-DT,NASA,KC3,0.1904761904761905,0.7253556910569106,0.0121951219512195
Watanabe08-DT,NASA,MC1,0.1479915433403805,0.8273531966809962,0.0401780866543598
Watanabe08-DT,NASA,MC2,0.0444444444444444,0.628696604600219,0.0
Watanabe08-DT,NASA,MW1,0.0666666666666666,0.7582434755430536,0.0084388185654008
Watanabe08-DT,NASA,PC1,0.15,0.7195147728874066,0.0186246418338108
Watanabe08-DT,NASA,PC2,0.097560975609756,0.742550987890376,0.0146590184831102
Watanabe08-DT,NASA,PC3,0.1395348837209302,0.7014394488759971,0.0203045685279187
Watanabe08-DT,NASA,PC4,0.0849056603773584,0.6484899097258647,0.0204750204750204
Watanabe08-DT,NASA,PC5,0.13933236574746,0.4472933281629173,0.0083646502606376
Turhan09-DT,NASA,CM1,0.25,0.5684326710816777,0.1854304635761589
Turhan09-DT,NASA,JM1,0.2384823848238482,0.6283561487563939,0.107352565739086
Turhan09-DT,NASA,KC1,0.0351758793969849,0.7148581852929679,0.0372670807453416
Turhan09-DT,NASA,KC3,0.24,0.5454776422764228,0.048780487804878
Turhan09-DT,NASA,MC1,0.09375,0.7415867150421902,0.0191117385166684
Turhan09-DT,NASA,MC2,0.1851851851851852,0.6099397590361446,0.0602409638554216
Turhan09-DT,NASA,MW1,0.2692307692307692,0.5834505391467417,0.0759493670886076
Turhan09-DT,NASA,PC1,0.0952380952380952,0.6349288364883273,0.0272206303724928
Turhan09-DT,NASA,PC2,0.1212121212121212,0.6135277246653921,0.0095602294455066
Turhan09-DT,NASA,PC3,0.1452513966480447,0.5759209572153735,0.0263959390862944
Turhan09-DT,NASA,PC4,0.0197044334975369,0.5578775915854568,0.0188370188370188
Turhan09-DT,NASA,PC5,0.2430769230769231,0.6843726102591627,0.004121711722633
EASC-NB,NASA,CM1,0.2647,0.7476,0.0563
EASC-NB,NASA,JM1,0.1431,0.6892,0.0172
EASC-NB,NASA,KC1,0.0242,0.6159,0.0011
EASC-NB,NASA,KC3,0.0513,0.6819,0.0122
EASC-NB,NASA,MC1,0.0577,0.7877,0.0036
EASC-NB,NASA,MC2,0.2692,0.6881,0.012
EASC-NB,NASA,MW1,0.0,0.7499,0.0
EASC-NB,NASA,PC1,0.2735,0.6751,0.0573
EASC-NB,NASA,PC2,0.1333,0.5908,0.0076
EASC-NB,NASA,PC3,0.1682,0.692,0.0569
EASC-NB,NASA,PC4,0.0826,0.5256,0.0254
EASC-NB,NASA,PC5,0.3329,0.5445,0.0062
EASC-NB,AEEEM,eclipse,0.5287,0.7755,0.3059
EASC-NB,AEEEM,equinox,0.4343,0.7371,0.041
EASC-NB,AEEEM,lucene,0.3077,0.6739,0.0383
EASC-NB,AEEEM,mylyn,0.2492,0.5531,0.3871
EASC-NB,AEEEM,pde,0.3392,0.7219,0.0963
EASC-NB,PROMISE,ant-1.3,0.2581,0.7526,0.0667
EASC-NB,PROMISE,ant-1.4,0.1905,0.5327,0.1232
EASC-NB,PROMISE,ant-1.5,0.3836,0.7586,0.1034
EASC-NB,PROMISE,ant-1.6,0.4056,0.784,0.0849
EASC-NB,PROMISE,ant-1.7,0.4094,0.7766,0.0622
EASC-NB,PROMISE,arc,0.2791,0.681,0.0483
EASC-NB,PROMISE,berek,0.72,0.9421,0.0
EASC-NB,PROMISE,camel-1.0,0.3429,0.8082,0.0491
EASC-NB,PROMISE,camel-1.2,0.1916,0.5512,0.051
EASC-NB,PROMISE,camel-1.4,0.2192,0.6819,0.0688
EASC-NB,PROMISE,camel-1.6,0.1949,0.6123,0.0798
EASC-NB,PROMISE,ckjm,0.0,0.8,0.0
EASC-NB,PROMISE,e-learning,0.0,0.8169,0.0
EASC-NB,PROMISE,forrest-0.7,0.0,0.6,0.0
EASC-NB,PROMISE,ivy-1.1,0.2254,0.7254,0.0
EASC-NB,PROMISE,ivy-1.4,0.3,0.7507,0.08
EASC-NB,PROMISE,ivy-2.0,0.4045,0.7975,0.0994
EASC-NB,PROMISE,jedit-3.2,0.4526,0.777,0.0879
EASC-NB,PROMISE,jedit-4.0,0.4593,0.7447,0.1255
EASC-NB,PROMISE,jedit-4.1,0.5793,0.7838,0.103
EASC-NB,PROMISE,jedit-4.2,0.458,0.8184,0.1661
EASC-NB,PROMISE,jedit-4.3,0.0885,0.5916,0.2017
EASC-NB,PROMISE,kalkulator,0.2,0.5913,0.1429
EASC-NB,PROMISE,log4j-1.0,0.2,0.7854,0.0198
EASC-NB,PROMISE,log4j-1.1,0.1905,0.792,0.0139
EASC-NB,PROMISE,log4j-1.2,0.0905,0.6134,0.0625
EASC-NB,PROMISE,lucene-2.0,0.1569,0.7013,0.0288
EASC-NB,PROMISE,lucene-2.2,0.1615,0.6249,0.0388
EASC-NB,PROMISE,lucene-2.4,0.2656,0.7011,0.0438
EASC-NB,PROMISE,nieruchomosci,0.1818,0.8471,0.0
EASC-NB,PROMISE,pbeans1,0.2609,0.8,0.0
EASC-NB,PROMISE,pbeans2,0.4286,0.739,0.0244
EASC-NB,PROMISE,pdftranslator,0.125,0.8444,0.0
EASC-NB,PROMISE,poi-1.5,0.2635,0.7451,0.0417
EASC-NB,PROMISE,poi-2.0,0.2432,0.6146,0.1011
EASC-NB,PROMISE,poi-2.5,0.2517,0.7233,0.0657
EASC-NB,PROMISE,poi-3.0,0.2553,0.7972,0.0373
EASC-NB,PROMISE,redaktor,0.2857,0.6892,0.0604
EASC-NB,PROMISE,serapion,0.3636,0.8611,0.0
EASC-NB,PROMISE,skarbonka,0.0,0.7099,0.0833
EASC-NB,PROMISE,sklebagd,0.4,0.7292,0.0
EASC-NB,PROMISE,synapse-1.0,0.3333,0.7895,0.0638
EASC-NB,PROMISE,synapse-1.1,0.3908,0.7019,0.0617
EASC-NB,PROMISE,synapse-1.2,0.4094,0.7398,0.0882
EASC-NB,PROMISE,systemdata,0.3636,0.7341,0.0
EASC-NB,PROMISE,szybkafucha,0.0,0.6039,0.0
EASC-NB,PROMISE,termoproject,0.1429,0.8276,0.0
EASC-NB,PROMISE,tomcat,0.3832,0.8075,0.1229
EASC-NB,PROMISE,velocity-1.4,0.0976,0.3231,0.1837
EASC-NB,PROMISE,velocity-1.5,0.141,0.6636,0.0417
EASC-NB,PROMISE,velocity-1.6,0.2366,0.7107,0.0265
EASC-NB,PROMISE,workflow,0.1818,0.5842,0.0
EASC-NB,PROMISE,wspomaganiepi,0.1538,0.875,0.0
EASC-NB,PROMISE,xalan-2.4,0.3493,0.7256,0.2137
EASC-NB,PROMISE,xalan-2.5,0.387,0.5751,0.2019
EASC-NB,PROMISE,xalan-2.6,0.4339,0.5363,0.1456
EASC-NB,PROMISE,xalan-2.7,0.3747,0.7082,0.0
EASC-NB,PROMISE,xerces-1.2,0.2419,0.4695,0.103
EASC-NB,PROMISE,xerces-1.3,0.377,0.7885,0.0781
EASC-NB,PROMISE,xerces-1.4,0.2609,0.7151,0.0199
EASC-NB,PROMISE,xerces-init,0.3119,0.4797,0.1765
EASC-NB,PROMISE,zuzel,0.2667,0.8534,0.0
EASC-NB,RELINK,Apache2.0,0.7273,0.7468,0.5104
EASC-NB,RELINK,openintents,0.0,0.8396,0.0
EASC-NB,RELINK,zxing1.6,0.0,0.6571,0.0
MDS-CPDP,AEEEM,eclipse,0.55385,0.82227,0.03666
MDS-CPDP,AEEEM,equinox,0.41618,0.74991,0.04103
MDS-CPDP,AEEEM,lucene,0.30769,0.77209,0.02073
MDS-CPDP,AEEEM,mylyn,0.29296,0.68342,0.03587
MDS-CPDP,AEEEM,pde,0.35514,0.74563,0.0427
MDS-CPDP,NASA,CM1,0.20588,0.74606,0.06291
MDS-CPDP,NASA,JM1,0.13461,0.68056,0.02489
MDS-CPDP,NASA,KC1,0.17391,0.74829,0.01807
MDS-CPDP,NASA,KC3,0.18182,0.67607,0.02439
MDS-CPDP,NASA,MC1,0.01639,0.87704,0.00576
MDS-CPDP,NASA,MC2,0.25926,0.63513,0.03614
MDS-CPDP,NASA,MW1,0.13793,0.79739,0.0
MDS-CPDP,NASA,PC1,0.19512,0.71584,0.01862
MDS-CPDP,NASA,PC2,0.07407,0.68324,0.00637
MDS-CPDP,NASA,PC3,0.06061,0.6826,0.0203
MDS-CPDP,NASA,PC4,0.01064,0.65928,0.00737
MDS-CPDP,NASA,PC5,0.23041,0.9373,0.00442
MDS-CPDP,PROMISE,ant-1.3,0.4186,0.79786,0.13333
MDS-CPDP,PROMISE,ant-1.4,0.27778,0.57609,0.15942
MDS-CPDP,PROMISE,ant-1.5,0.30108,0.73306,0.18008
MDS-CPDP,PROMISE,ant-1.6,0.46988,0.78636,0.13514
MDS-CPDP,PROMISE,ant-1.7,0.45783,0.76471,0.15544
MDS-CPDP,PROMISE,arc,0.32727,0.73412,0.09179
MDS-CPDP,PROMISE,berek,0.82759,0.9537,0.03704
MDS-CPDP,PROMISE,camel-1.0,0.09091,0.68145,0.02454
MDS-CPDP,PROMISE,camel-1.2,0.13278,0.56844,0.02296
MDS-CPDP,PROMISE,camel-1.4,0.15228,0.69704,0.05089
MDS-CPDP,PROMISE,camel-1.6,0.16794,0.59788,0.06692
MDS-CPDP,PROMISE,ckjm,0.0,0.68,0.0
MDS-CPDP,PROMISE,e-learning,0.25,0.83051,0.0339
MDS-CPDP,PROMISE,forrest-0.7,0.33333,0.74167,0.0
MDS-CPDP,PROMISE,ivy-1.1,0.38095,0.6918,0.10417
MDS-CPDP,PROMISE,ivy-1.4,0.125,0.73972,0.12889
MDS-CPDP,PROMISE,ivy-2.0,0.40404,0.77456,0.125
MDS-CPDP,PROMISE,jedit-3.2,0.64045,0.82729,0.17033
MDS-CPDP,PROMISE,jedit-4.0,0.48,0.73195,0.25108
MDS-CPDP,PROMISE,jedit-4.1,0.54545,0.78429,0.24464
MDS-CPDP,PROMISE,jedit-4.2,0.44444,0.83288,0.2884
MDS-CPDP,PROMISE,jedit-4.3,0.05464,0.54007,0.34719
MDS-CPDP,PROMISE,kalkulator,0.25,0.54365,0.04762
MDS-CPDP,PROMISE,log4j-1.0,0.35556,0.83328,0.0297
MDS-CPDP,PROMISE,log4j-1.1,0.31818,0.78866,0.0
MDS-CPDP,PROMISE,log4j-1.2,0.22535,0.53836,0.0
MDS-CPDP,PROMISE,lucene-2.0,0.36522,0.72475,0.02885
MDS-CPDP,PROMISE,lucene-2.2,0.22353,0.63848,0.06796
MDS-CPDP,PROMISE,lucene-2.4,0.28,0.62662,0.08759
MDS-CPDP,PROMISE,nieruchomosci,0.18182,0.77059,0.0
MDS-CPDP,PROMISE,pbeans1,0.18182,0.76667,0.0
MDS-CPDP,PROMISE,pbeans2,0.4,0.7439,0.04878
MDS-CPDP,PROMISE,pdftranslator,0.5,0.85926,0.0
MDS-CPDP,PROMISE,poi-1.5,0.25882,0.67971,0.07292
MDS-CPDP,PROMISE,poi-2.0,0.2549,0.61694,0.18773
MDS-CPDP,PROMISE,poi-2.5,0.34268,0.72363,0.13139
MDS-CPDP,PROMISE,poi-3.0,0.37746,0.73241,0.04348
MDS-CPDP,PROMISE,redaktor,0.34211,0.64454,0.24161
MDS-CPDP,PROMISE,serapion,0.55556,0.84877,0.11111
MDS-CPDP,PROMISE,skarbonka,0.31579,0.73148,0.19444
MDS-CPDP,PROMISE,sklebagd,0.5,0.88542,0.0
MDS-CPDP,PROMISE,synapse-1.0,0.30303,0.81516,0.08511
MDS-CPDP,PROMISE,synapse-1.1,0.22472,0.6555,0.11728
MDS-CPDP,PROMISE,synapse-1.2,0.35938,0.71457,0.11176
MDS-CPDP,PROMISE,systemdata,0.26667,0.7877,0.07143
MDS-CPDP,PROMISE,szybkafucha,0.13333,0.59091,0.0
MDS-CPDP,PROMISE,termoproject,0.25,0.78515,0.03448
MDS-CPDP,PROMISE,tomcat,0.32407,0.78311,0.13316
MDS-CPDP,PROMISE,velocity-1.4,0.15569,0.40601,0.14286
MDS-CPDP,PROMISE,velocity-1.5,0.15951,0.57492,0.11111
MDS-CPDP,PROMISE,velocity-1.6,0.18367,0.64909,0.07285
MDS-CPDP,PROMISE,workflow,0.26087,0.61316,0.0
MDS-CPDP,PROMISE,wspomaganiepi,0.14286,0.81944,0.16667
MDS-CPDP,PROMISE,xalan-2.4,0.38462,0.72696,0.12887
MDS-CPDP,PROMISE,xalan-2.5,0.34897,0.57981,0.1274
MDS-CPDP,PROMISE,xalan-2.6,0.41197,0.65869,0.08439
MDS-CPDP,PROMISE,xalan-2.7,0.29115,0.77749,0.0
MDS-CPDP,PROMISE,xerces-1.2,0.23944,0.45401,0.14634
MDS-CPDP,PROMISE,xerces-1.3,0.36364,0.76189,0.125
MDS-CPDP,PROMISE,xerces-1.4,0.28125,0.7948,0.01987
MDS-CPDP,PROMISE,xerces-init,0.38182,0.4427,0.14118
MDS-CPDP,PROMISE,zuzel,0.63636,0.82452,0.125
MDS-CPDP,RELINK,Apache2.0,0.71429,0.77423,0.29167
MDS-CPDP,RELINK,openintents,0.55556,0.83021,0.11765
MDS-CPDP,RELINK,zxing1.6,0.40976,0.59823,0.16014
