dataset,productName,defects (%),selectApproach,dynamicSelection,classifier,n_estimators,fscore,auc,pf,gmean,precision,recall,accuracy,tn,fp,fn,tp,model,oracle
RELINK,Apache2.0,50.52,rank,METADES,LogisticRegression,40,0.71429,0.77423,0.29167,0.7113032974423646,0.7142857142857143,0.7142857142857143,0.711340206185567,68,28,28,70,0.922680412371134,METADES-LogisticRegression-40
RELINK,Apache2.0,50.52,fscore,KNORAE,LogisticRegression,90,0.70899,0.75213,0.25,0.7160692019915508,0.7362637362637363,0.6836734693877551,0.7164948453608248,72,24,31,67,0.9432989690721648,KNORAE-LogisticRegression-90
RELINK,openintents,39.29,fscore,Rank,DecisionTreeClassifier,50,0.57143,0.6484,0.23529,0.6458423178030691,0.6,0.5454545454545454,0.6785714285714286,26,8,10,12,1.0,Rank-DecisionTreeClassifier-50
RELINK,openintents,39.29,rank,KNOP,DecisionTreeClassifier,70,0.55556,0.83021,0.11765,0.6333004963811236,0.7142857142857143,0.4545454545454545,0.7142857142857143,30,4,12,10,1.0,KNOP-DecisionTreeClassifier-70
RELINK,zxing1.6,29.57,rank,OLA,GaussianNB,60,0.40976,0.59823,0.16014,0.5467470935831639,0.4827586206896552,0.3559322033898305,0.6967418546365914,236,45,76,42,0.8596491228070176,OLA-GaussianNB-60
RELINK,zxing1.6,29.57,fscore,OLA,LogisticRegression,100,0.29213,0.64319,0.121,0.44008947979495,0.4333333333333333,0.2203389830508474,0.6842105263157895,247,34,92,26,0.849624060150376,OLA-LogisticRegression-100
RELINK,Apache2.0,50.52,auc,OLA,GaussianNB,20,0.70476,0.73799,0.39583,0.6754313310716324,0.6607142857142857,0.7551020408163265,0.6804123711340206,58,38,24,74,0.9020618556701032,OLA-GaussianNB-20
RELINK,openintents,39.29,auc,OLA,GaussianNB,20,0.65,0.74465,0.14706,0.7099371065011081,0.7222222222222222,0.5909090909090909,0.75,29,5,9,13,0.9107142857142856,OLA-GaussianNB-20
RELINK,zxing1.6,29.57,auc,KNORAE,GaussianNB,50,0.43609,0.62911,0.32028,0.5780115501198037,0.3918918918918919,0.4915254237288136,0.6240601503759399,191,90,60,58,0.9974937343358397,KNORAE-GaussianNB-50
RELINK,Apache2.0,50.52,pf,KNOP,DecisionTreeClassifier,10,0.73239,0.70892,0.38542,0.6993984295559336,0.6782608695652174,0.7959183673469388,0.7061855670103093,59,37,20,78,0.979381443298969,KNOP-DecisionTreeClassifier-10
RELINK,openintents,39.29,pf,KNOP,DecisionTreeClassifier,10,0.61538,0.77139,0.14706,0.6820855090904878,0.7058823529411765,0.5454545454545454,0.7321428571428571,29,5,10,12,0.9821428571428572,KNOP-DecisionTreeClassifier-10
RELINK,zxing1.6,29.57,pf,KNOP,DecisionTreeClassifier,10,0.33333,0.63182,0.16726,0.4825815733825043,0.4125,0.2796610169491525,0.6691729323308271,234,47,85,33,0.9423558897243108,KNOP-DecisionTreeClassifier-10
AEEEM,eclipse,20.66,rank,METADES,RandomForestClassifier,50,0.55385,0.82227,0.03666,0.6487492793895803,0.7563025210084033,0.4368932038834951,0.8545636910732196,762,29,116,90,0.9227683049147444,METADES-RandomForestClassifier-50
AEEEM,equinox,39.81,rank,KNOP,GaussianNB,90,0.41618,0.74991,0.04103,0.5173207431967923,0.8181818181818182,0.2790697674418604,0.6882716049382716,187,8,93,36,0.7037037037037037,KNOP-GaussianNB-90
AEEEM,lucene,9.26,rank,KNOP,DecisionTreeClassifier,90,0.30769,0.77209,0.02073,0.4628331379197246,0.5185185185185185,0.21875,0.9088277858176556,614,13,50,14,1.0,KNOP-DecisionTreeClassifier-90
AEEEM,mylyn,13.16,rank,LCA,RandomForestClassifier,40,0.29296,0.68342,0.03587,0.4523625851261307,0.4727272727272727,0.2122448979591836,0.8651987110633728,1559,58,193,52,0.9119226638023632,LCA-RandomForestClassifier-40
AEEEM,pde,13.96,rank,METADES,RandomForestClassifier,70,0.35514,0.74563,0.0427,0.5109611629021852,0.5089285714285714,0.2727272727272727,0.8617234468937875,1233,55,152,57,0.9111556446225784,METADES-RandomForestClassifier-70
AEEEM,eclipse,20.66,fscore,KNOP,GaussianNB,20,0.52437,0.81861,0.29456,0.7308993012837595,0.4010282776349614,0.7572815533980582,0.7161484453360081,558,233,50,156,0.8976930792377131,KNOP-GaussianNB-20
AEEEM,equinox,39.81,fscore,KNOP,GaussianNB,70,0.42529,0.74758,0.04103,0.5244565388105794,0.8222222222222222,0.2868217054263566,0.691358024691358,187,8,92,37,0.7006172839506173,KNOP-GaussianNB-70
AEEEM,lucene,9.26,fscore,KNOP,DecisionTreeClassifier,50,0.30769,0.73769,0.02073,0.4628331379197246,0.5185185185185185,0.21875,0.9088277858176556,614,13,50,14,1.0,KNOP-DecisionTreeClassifier-50
AEEEM,mylyn,13.16,fscore,LCA,DecisionTreeClassifier,90,0.1893,0.53358,0.12059,0.40634101576102,0.1908713692946058,0.1877551020408163,0.7883995703544576,1422,195,199,46,1.0,LCA-DecisionTreeClassifier-90
AEEEM,pde,13.96,fscore,LCA,LogisticRegression,90,0.3096,0.71785,0.04969,0.4768092109908285,0.4385964912280701,0.2392344497607655,0.8510354041416166,1224,64,159,50,0.9158316633266532,LCA-LogisticRegression-90
AEEEM,eclipse,20.66,auc,METADES,RandomForestClassifier,20,0.56347,0.81908,0.03287,0.6536263650102521,0.7777777777777778,0.441747572815534,0.8585757271815446,765,26,115,91,0.909729187562688,METADES-RandomForestClassifier-20
AEEEM,equinox,39.81,auc,METADES,LogisticRegression,20,0.27451,0.76633,0.01538,0.4003576218863636,0.875,0.1627906976744186,0.6574074074074074,192,3,108,21,0.7191358024691358,METADES-LogisticRegression-20
AEEEM,lucene,9.26,auc,KNOP,DecisionTreeClassifier,50,0.33333,0.76215,0.02552,0.4935791878443076,0.5,0.25,0.9073806078147612,611,16,48,16,1.0,KNOP-DecisionTreeClassifier-50
AEEEM,mylyn,13.16,auc,OLA,RandomForestClassifier,10,0.28726,0.68847,0.04391,0.4547834243859209,0.4274193548387097,0.2163265306122449,0.8587540279269602,1546,71,192,53,0.9044038668098818,OLA-RandomForestClassifier-10
AEEEM,pde,13.96,auc,METADES,RandomForestClassifier,50,0.35625,0.74731,0.04193,0.5111683233254146,0.5135135135135135,0.2727272727272727,0.8623914495657983,1234,54,152,57,0.9091516366065464,METADES-RandomForestClassifier-50
AEEEM,eclipse,20.66,pf,KNORAU,RandomForestClassifier,30,0.53165,0.80834,0.03287,0.62798389864453,0.7636363636363637,0.4077669902912621,0.8515546639919759,765,26,122,84,0.9197592778335004,KNORAU-RandomForestClassifier-30
AEEEM,equinox,39.81,pf,KNORAU,RandomForestClassifier,40,0.22973,0.68686,0.01026,0.3611527734632022,0.8947368421052632,0.1317829457364341,0.6481481481481481,193,2,112,17,0.6975308641975309,KNORAU-RandomForestClassifier-40
AEEEM,lucene,9.26,pf,KNORAE,RandomForestClassifier,30,0.28205,0.76716,0.00478,0.4135850959342556,0.7857142857142857,0.171875,0.918958031837916,624,3,53,11,0.9392185238784372,KNORAE-RandomForestClassifier-30
AEEEM,mylyn,13.16,pf,KNORAU,RandomForestClassifier,40,0.26087,0.65762,0.03401,0.4212197436846999,0.45,0.1836734693877551,0.8630504833512352,1562,55,200,45,0.916219119226638,KNORAU-RandomForestClassifier-40
AEEEM,pde,13.96,pf,KNOP,RandomForestClassifier,50,0.34395,0.73704,0.0396,0.4981391268268037,0.5142857142857142,0.2583732057416268,0.8623914495657983,1237,51,155,54,0.9084836339345356,KNOP-RandomForestClassifier-50
NASA,CM1,12.21,pf,KNORAU,DecisionTreeClassifier,40,0.25882,0.73798,0.10596,0.4838938560827038,0.2558139534883721,0.2619047619047619,0.8168604651162791,270,32,31,11,1.0,KNORAU-DecisionTreeClassifier-40
NASA,JM1,18.34,pf,KNORAU,DecisionTreeClassifier,70,0.22434,0.64038,0.0614,0.3885982114636236,0.3704188481675393,0.160886867538374,0.7959970812050453,7353,481,1476,283,0.9934327113520276,KNORAU-DecisionTreeClassifier-70
NASA,KC1,15.51,pf,KNORAU,DecisionTreeClassifier,80,0.18957,0.71043,0.03219,0.3451313763507367,0.4123711340206185,0.123076923076923,0.8368320610687023,1714,57,285,40,0.9895038167938932,KNORAU-DecisionTreeClassifier-80
NASA,KC3,18.0,pf,KNORAU,DecisionTreeClassifier,30,0.14286,0.68919,0.01829,0.2860226268836626,0.5,0.0833333333333333,0.82,161,3,33,3,1.0,KNORAU-DecisionTreeClassifier-30
NASA,MC1,0.73,pf,KNORAU,DecisionTreeClassifier,50,0.08759,0.86786,0.00684,0.2960264594185131,0.0869565217391304,0.088235294117647,0.986525816535518,9146,63,62,6,0.9995688261291366,KNORAU-DecisionTreeClassifier-50
NASA,MC2,34.65,pf,KNORAU,RandomForestClassifier,10,0.15686,0.61966,0.03614,0.2960121959537151,0.5714285714285714,0.0909090909090909,0.6614173228346457,80,3,40,4,0.7165354330708661,KNORAU-RandomForestClassifier-10
NASA,MW1,10.23,pf,KNORAE,RandomForestClassifier,20,0.0,0.79192,0.0,0.0,0.0,0.0,0.8977272727272727,237,0,27,0,0.9356060606060606,KNORAE-RandomForestClassifier-20
NASA,PC1,8.04,pf,KNORAE,DecisionTreeClassifier,70,0.21739,0.6847,0.03009,0.3987509268429771,0.3225806451612903,0.1639344262295081,0.9051383399209486,677,21,51,10,1.0,KNORAE-DecisionTreeClassifier-70
NASA,PC2,1.01,pf,KNORAU,RandomForestClassifier,10,0.0,0.70383,0.00637,0.0,0.0,0.0,0.983596214511041,1559,10,16,0,0.9886435331230284,KNORAU-RandomForestClassifier-10
NASA,PC3,12.44,pf,KNORAU,DecisionTreeClassifier,50,0.09195,0.66255,0.0264,0.2358697050629805,0.2352941176470588,0.0571428571428571,0.8595555555555555,959,26,132,8,0.9973333333333332,KNORAU-DecisionTreeClassifier-50
NASA,PC4,12.72,pf,KNORAU,DecisionTreeClassifier,20,0.05825,0.64511,0.01802,0.1819354727549954,0.2142857142857142,0.0337078651685393,0.8613295210864903,1199,22,172,6,0.9842744817726948,KNORAU-DecisionTreeClassifier-20
NASA,PC5,2.96,pf,KNORAU,DecisionTreeClassifier,50,0.21572,0.91609,0.00461,0.3721880301187042,0.4794520547945205,0.1391650099403578,0.97006058467149,16422,76,433,70,0.9972942768072466,KNORAU-DecisionTreeClassifier-50
NASA,CM1,12.21,rank,Rank,RandomForestClassifier,40,0.20588,0.74606,0.06291,0.3951974385703159,0.2692307692307692,0.1666666666666666,0.8430232558139535,283,19,35,7,0.936046511627907,Rank-RandomForestClassifier-40
NASA,JM1,18.34,rank,MCB,RandomForestClassifier,50,0.13461,0.68056,0.02489,0.2795780735375123,0.4196428571428571,0.0801591813530415,0.8110080266861253,7639,195,1618,141,0.8741790889190034,MCB-RandomForestClassifier-50
NASA,KC1,15.51,rank,Rank,RandomForestClassifier,50,0.17391,0.74829,0.01807,0.3205075677514815,0.5151515151515151,0.1046153846153846,0.8458969465648855,1739,32,291,34,0.8831106870229007,Rank-RandomForestClassifier-50
NASA,KC3,18.0,rank,MCB,RandomForestClassifier,50,0.18182,0.67607,0.02439,0.3292431988831965,0.5,0.1111111111111111,0.82,160,4,32,4,0.875,MCB-RandomForestClassifier-50
NASA,MC1,0.73,rank,Rank,RandomForestClassifier,20,0.01639,0.87704,0.00576,0.1209183463285379,0.0185185185185185,0.0147058823529411,0.9870647838740972,9156,53,67,1,0.9937479788724805,Rank-RandomForestClassifier-20
NASA,MC2,34.65,rank,Rank,RandomForestClassifier,60,0.25926,0.63513,0.03614,0.3915873277678251,0.7,0.1590909090909091,0.6850393700787402,80,3,37,7,0.7401574803149606,Rank-RandomForestClassifier-60
NASA,MW1,10.23,rank,MCB,RandomForestClassifier,40,0.13793,0.79739,0.0,0.2721655269759087,1.0,0.074074074074074,0.9053030303030304,237,0,25,2,0.9318181818181818,MCB-RandomForestClassifier-40
NASA,PC1,8.04,rank,OLA,RandomForestClassifier,10,0.19512,0.71584,0.01862,0.3587547421364655,0.3809523809523809,0.1311475409836065,0.9130434782608696,685,13,53,8,0.9393939393939394,OLA-RandomForestClassifier-10
NASA,PC2,1.01,rank,LCA,RandomForestClassifier,70,0.07407,0.68324,0.00637,0.2492020407348969,0.0909090909090909,0.0625,0.9842271293375394,1559,10,15,1,0.9905362776025236,LCA-RandomForestClassifier-70
NASA,PC3,12.44,rank,MCB,RandomForestClassifier,90,0.06061,0.6826,0.0203,0.1870537958785502,0.2,0.0357142857142857,0.8622222222222222,965,20,135,5,0.9048888888888889,MCB-RandomForestClassifier-90
NASA,PC4,12.72,rank,LCA,RandomForestClassifier,60,0.01064,0.65928,0.00737,0.0746764177925011,0.1,0.0056179775280898,0.8670478913509649,1212,9,177,1,0.8806290207290922,LCA-RandomForestClassifier-60
NASA,PC5,2.96,rank,Rank,RandomForestClassifier,100,0.23041,0.9373,0.00442,0.3852863993559449,0.5067567567567568,0.1491053677932405,0.9705311452267512,16425,73,428,75,0.9801188165402036,Rank-RandomForestClassifier-100
NASA,CM1,12.21,fscore,LCA,DecisionTreeClassifier,60,0.17699,0.51679,0.20199,0.4358935117426187,0.1408450704225352,0.238095238095238,0.7296511627906976,241,61,32,10,1.0,LCA-DecisionTreeClassifier-60
NASA,JM1,18.34,fscore,LCA,DecisionTreeClassifier,20,0.23541,0.52597,0.13046,0.4282521688738688,0.2663316582914573,0.2109152927799886,0.7487751485458146,6812,1022,1388,371,0.985093297195872,LCA-DecisionTreeClassifier-20
NASA,KC1,15.51,fscore,LCA,DecisionTreeClassifier,20,0.23194,0.50779,0.07905,0.4157583085349476,0.3034825870646766,0.1876923076923076,0.8072519083969466,1631,140,264,61,0.9799618320610688,LCA-DecisionTreeClassifier-20
NASA,KC3,18.0,fscore,LCA,DecisionTreeClassifier,100,0.27586,0.56843,0.08537,0.4508348173337161,0.3636363636363636,0.2222222222222222,0.79,150,14,28,8,1.0,LCA-DecisionTreeClassifier-100
NASA,MC1,0.73,fscore,KNORAE,DecisionTreeClassifier,40,0.06667,0.85506,0.01151,0.2953297540517921,0.0535714285714285,0.088235294117647,0.981890697423736,9103,106,62,6,0.9995688261291366,KNORAE-DecisionTreeClassifier-40
NASA,MC2,34.65,fscore,KNORAU,DecisionTreeClassifier,10,0.17544,0.59474,0.09639,0.3204426019074181,0.3846153846153846,0.1136363636363636,0.6299212598425197,75,8,39,5,0.937007874015748,KNORAU-DecisionTreeClassifier-10
NASA,MW1,10.23,fscore,Rank,DecisionTreeClassifier,10,0.22785,0.57595,0.18143,0.5223553710019906,0.173076923076923,0.3333333333333333,0.7689393939393939,194,43,18,9,0.9772727272727272,Rank-DecisionTreeClassifier-10
NASA,PC1,8.04,fscore,OLA,DecisionTreeClassifier,50,0.07735,0.47588,0.16189,0.3101232483091364,0.0583333333333333,0.1147540983606557,0.7799736495388669,585,113,54,7,1.0,OLA-DecisionTreeClassifier-50
NASA,PC2,1.01,fscore,Rank,DecisionTreeClassifier,70,0.02096,0.50819,0.29063,0.470826741241071,0.0108459869848156,0.3125,0.7053627760252366,1113,456,11,5,1.0,Rank-DecisionTreeClassifier-70
NASA,PC3,12.44,fscore,Rank,DecisionTreeClassifier,30,0.2515,0.58256,0.15431,0.5036919532376363,0.2164948453608247,0.3,0.7777777777777778,833,152,98,42,0.9893333333333332,Rank-DecisionTreeClassifier-30
NASA,PC4,12.72,fscore,OLA,DecisionTreeClassifier,10,0.18367,0.52801,0.14578,0.4156478816585097,0.1682242990654205,0.2022471910112359,0.771265189421015,1043,178,142,36,0.9692637598284488,OLA-DecisionTreeClassifier-10
NASA,PC5,2.96,fscore,OLA,DecisionTreeClassifier,20,0.288,0.63519,0.0214,0.5292984577502302,0.289738430583501,0.2862823061630218,0.9581201105817304,16145,353,359,144,0.9956473148638316,OLA-DecisionTreeClassifier-20
NASA,CM1,12.21,auc,Rank,RandomForestClassifier,20,0.3038,0.77941,0.08278,0.5119203462164674,0.3243243243243243,0.2857142857142857,0.8401162790697675,277,25,30,12,0.9302325581395348,Rank-RandomForestClassifier-20
NASA,JM1,18.34,auc,MCB,RandomForestClassifier,70,0.13684,0.68138,0.024,0.2816828863649054,0.43202416918429,0.0812961910176236,0.8119462107786928,7646,188,1616,143,0.8778275826123215,MCB-RandomForestClassifier-70
NASA,KC1,15.51,auc,MCB,RandomForestClassifier,80,0.11702,0.74634,0.01637,0.2580384679300297,0.4313725490196078,0.0676923076923076,0.8416030534351145,1742,29,303,22,0.8845419847328244,MCB-RandomForestClassifier-80
NASA,KC3,18.0,auc,MCB,RandomForestClassifier,20,0.09756,0.68183,0.01829,0.2335364969184772,0.4,0.0555555555555555,0.815,161,3,34,2,0.855,MCB-RandomForestClassifier-20
NASA,MC1,0.73,auc,KNOP,RandomForestClassifier,40,0.05455,0.89179,0.00423,0.2095967780631683,0.0714285714285714,0.0441176470588235,0.9887894793575508,9170,39,65,3,0.9943947396787756,KNOP-RandomForestClassifier-40
NASA,MC2,34.65,auc,LCA,RandomForestClassifier,10,0.12,0.63075,0.03614,0.2563540815259345,0.5,0.0681818181818181,0.6535433070866141,80,3,41,3,0.7086614173228346,LCA-RandomForestClassifier-10
NASA,MW1,10.23,auc,MCB,RandomForestClassifier,50,0.06897,0.79942,0.00422,0.1920436476928077,0.5,0.037037037037037,0.8977272727272727,236,1,26,1,0.9431818181818182,MCB-RandomForestClassifier-50
NASA,PC1,8.04,auc,METADES,RandomForestClassifier,60,0.10667,0.71963,0.01433,0.2542328031401412,0.2857142857142857,0.0655737704918032,0.911725955204216,688,10,57,4,0.9446640316205532,METADES-RandomForestClassifier-60
NASA,PC2,1.01,auc,LCA,RandomForestClassifier,70,0.0625,0.69525,0.00956,0.2488021013971864,0.0625,0.0625,0.9810725552050472,1554,15,15,1,0.9905362776025236,LCA-RandomForestClassifier-70
NASA,PC3,12.44,auc,Rank,RandomForestClassifier,20,0.07143,0.69115,0.02234,0.204694717771817,0.2142857142857142,0.0428571428571428,0.8613333333333333,963,22,134,6,0.8933333333333333,Rank-RandomForestClassifier-20
NASA,PC4,12.72,auc,METADES,RandomForestClassifier,30,0.02105,0.65836,0.00819,0.1055648260181728,0.1666666666666666,0.0112359550561797,0.8670478913509649,1211,10,176,2,0.8799142244460328,METADES-RandomForestClassifier-30
NASA,PC5,2.96,auc,MCB,RandomForestClassifier,90,0.22327,0.93747,0.00376,0.3749968317410687,0.5338345864661654,0.1411530815109344,0.9709428857126052,16436,62,432,71,0.9795894359155344,MCB-RandomForestClassifier-90
PROMISE,ant-1.3,8.8,rank,LCA,RandomForestClassifier,90,0.4186,0.79786,0.13333,0.6244997998398398,0.391304347826087,0.45,0.8,91,14,11,9,0.968,LCA-RandomForestClassifier-90
PROMISE,ant-1.4,19.66,rank,LCA,RandomForestClassifier,80,0.27778,0.57609,0.15942,0.4584156711285423,0.3125,0.25,0.7078651685393258,116,22,30,10,0.8651685393258427,LCA-RandomForestClassifier-80
PROMISE,ant-1.5,9.9,rank,LCA,RandomForestClassifier,100,0.30108,0.73306,0.18008,0.5989294408323784,0.2295081967213114,0.4375,0.7781569965870307,214,47,18,14,0.9658703071672357,LCA-RandomForestClassifier-100
PROMISE,ant-1.6,13.11,rank,LCA,RandomForestClassifier,80,0.46988,0.78636,0.13514,0.6054977267193327,0.527027027027027,0.4239130434782608,0.7492877492877493,224,35,53,39,0.9487179487179488,LCA-RandomForestClassifier-80
PROMISE,ant-1.7,12.48,rank,LCA,RandomForestClassifier,70,0.45783,0.76471,0.15544,0.6218246009299913,0.4578313253012048,0.4578313253012048,0.7583892617449665,489,90,90,76,0.9503355704697988,LCA-RandomForestClassifier-70
PROMISE,arc,8.97,rank,OLA,RandomForestClassifier,20,0.32727,0.73412,0.09179,0.5502158850204386,0.3214285714285714,0.3333333333333333,0.8418803418803419,188,19,18,9,0.9444444444444444,OLA-RandomForestClassifier-20
PROMISE,berek,9.3,rank,LCA,RandomForestClassifier,90,0.82759,0.9537,0.03704,0.8498365855987975,0.9230769230769232,0.75,0.8837209302325582,26,1,4,12,1.0,LCA-RandomForestClassifier-90
PROMISE,camel-1.0,3.54,rank,METADES,LogisticRegression,70,0.09091,0.68145,0.02454,0.2739258915360119,0.1111111111111111,0.0769230769230769,0.9410029498525072,318,8,12,1,0.9616519174041298,METADES-LogisticRegression-70
PROMISE,camel-1.2,16.28,rank,METADES,LogisticRegression,80,0.13278,0.56844,0.02296,0.2690230358202903,0.64,0.074074074074074,0.65625,383,9,200,16,0.6875,METADES-LogisticRegression-80
PROMISE,camel-1.4,8.14,rank,Rank,LogisticRegression,70,0.15228,0.69704,0.05089,0.313342257743942,0.2884615384615384,0.1034482758620689,0.8084862385321101,690,37,130,15,0.8348623853211009,Rank-LogisticRegression-70
PROMISE,camel-1.6,10.47,rank,OLA,LogisticRegression,20,0.16794,0.59788,0.06692,0.3304387036188578,0.2972972972972973,0.1170212765957446,0.7740932642487046,725,52,166,22,0.7968911917098446,OLA-LogisticRegression-20
PROMISE,ckjm,0.0,rank,KNORAE,RandomForestClassifier,10,0.0,0.68,0.0,0.0,0.0,0.0,0.5,5,0,5,0,0.6,KNORAE-RandomForestClassifier-10
PROMISE,e-learning,4.69,rank,MCB,RandomForestClassifier,40,0.25,0.83051,0.0339,0.4395683553021656,0.3333333333333333,0.2,0.90625,57,2,4,1,0.953125,MCB-RandomForestClassifier-40
PROMISE,forrest-0.7,6.9,rank,Rank,RandomForestClassifier,10,0.33333,0.74167,0.0,0.447213595499958,1.0,0.2,0.8620689655172413,24,0,4,1,0.9310344827586208,Rank-RandomForestClassifier-10
PROMISE,ivy-1.1,18.92,rank,LCA,RandomForestClassifier,50,0.38095,0.6918,0.10417,0.4769834667084672,0.7619047619047619,0.2539682539682539,0.5315315315315315,43,5,47,16,0.7207207207207207,LCA-RandomForestClassifier-50
PROMISE,ivy-1.4,6.22,rank,OLA,RandomForestClassifier,50,0.125,0.73972,0.12889,0.404145188432738,0.09375,0.1875,0.8257261410788381,196,29,13,3,0.95850622406639,OLA-RandomForestClassifier-50
PROMISE,ivy-2.0,7.95,rank,LCA,RandomForestClassifier,20,0.40404,0.77456,0.125,0.6614378277661477,0.3389830508474576,0.5,0.8323863636363636,273,39,20,20,0.9403409090909092,LCA-RandomForestClassifier-20
PROMISE,jedit-3.2,11.76,rank,METADES,RandomForestClassifier,30,0.64045,0.82729,0.17033,0.7248847325319215,0.6477272727272727,0.6333333333333333,0.7647058823529411,151,31,33,57,0.9338235294117648,METADES-RandomForestClassifier-30
PROMISE,jedit-4.0,11.76,rank,LCA,RandomForestClassifier,40,0.48,0.73195,0.25108,0.6476063151282108,0.42,0.56,0.7026143790849673,173,58,33,42,0.9281045751633988,LCA-RandomForestClassifier-40
PROMISE,jedit-4.1,11.86,rank,OLA,RandomForestClassifier,100,0.54545,0.78429,0.24464,0.6983126602902913,0.4722222222222222,0.6455696202531646,0.7275641025641025,176,57,28,51,0.9551282051282052,OLA-RandomForestClassifier-100
PROMISE,jedit-4.2,7.36,rank,METADES,RandomForestClassifier,20,0.44444,0.83288,0.2884,0.7700642538567289,0.303030303030303,0.8333333333333334,0.7275204359673024,227,92,8,40,0.9100817438692098,METADES-RandomForestClassifier-20
PROMISE,jedit-4.3,2.03,rank,LCA,RandomForestClassifier,70,0.05464,0.54007,0.34719,0.544729562930356,0.0290697674418604,0.4545454545454545,0.6483739837398373,314,167,6,5,0.9044715447154472,LCA-RandomForestClassifier-70
PROMISE,kalkulator,18.52,rank,LCA,RandomForestClassifier,90,0.25,0.54365,0.04762,0.3984095364447979,0.5,0.1666666666666666,0.7777777777777778,20,1,5,1,0.8888888888888888,LCA-RandomForestClassifier-90
PROMISE,log4j-1.0,15.56,rank,LCA,RandomForestClassifier,30,0.35556,0.83328,0.0297,0.4778129167985336,0.7272727272727273,0.2352941176470588,0.7851851851851852,98,3,26,8,0.925925925925926,LCA-RandomForestClassifier-30
PROMISE,log4j-1.1,15.6,rank,LCA,LogisticRegression,40,0.31818,0.78866,0.0,0.43495883620084,1.0,0.1891891891891892,0.7247706422018348,72,0,30,7,0.7431192660550459,LCA-LogisticRegression-40
PROMISE,log4j-1.2,8.78,rank,OLA,RandomForestClassifier,80,0.22535,0.53836,0.0,0.3563483225498992,1.0,0.1269841269841269,0.1951219512195122,16,0,165,24,0.4195121951219512,OLA-RandomForestClassifier-80
PROMISE,lucene-2.0,21.03,rank,LCA,RandomForestClassifier,30,0.36522,0.72475,0.02885,0.4734051394265835,0.875,0.2307692307692307,0.6256410256410256,101,3,70,21,0.7743589743589744,LCA-RandomForestClassifier-30
PROMISE,lucene-2.2,24.29,rank,LCA,RandomForestClassifier,70,0.22353,0.63848,0.06796,0.3506812602325895,0.7307692307692307,0.1319444444444444,0.4655870445344129,96,7,125,19,0.7044534412955465,LCA-RandomForestClassifier-70
PROMISE,lucene-2.4,20.29,rank,Rank,RandomForestClassifier,30,0.28,0.62662,0.08759,0.3966255854346696,0.7446808510638298,0.1724137931034483,0.4705882352941176,125,12,168,35,0.6794117647058824,Rank-RandomForestClassifier-30
PROMISE,nieruchomosci,29.63,rank,OLA,RandomForestClassifier,100,0.18182,0.77059,0.0,0.316227766016838,1.0,0.1,0.6666666666666666,17,0,9,1,0.8888888888888888,OLA-RandomForestClassifier-100
PROMISE,pbeans1,42.31,rank,LCA,RandomForestClassifier,30,0.18182,0.76667,0.0,0.316227766016838,1.0,0.1,0.3076923076923077,6,0,18,2,0.5,LCA-RandomForestClassifier-30
PROMISE,pbeans2,9.8,rank,KNORAU,DecisionTreeClassifier,100,0.4,0.7439,0.04878,0.5341964560520189,0.6,0.3,0.8235294117647058,39,2,7,3,1.0,KNORAU-DecisionTreeClassifier-100
PROMISE,pdftranslator,30.3,rank,METADES,RandomForestClassifier,40,0.5,0.85926,0.0,0.5773502691896257,1.0,0.3333333333333333,0.696969696969697,18,0,10,5,0.8181818181818182,METADES-RandomForestClassifier-40
PROMISE,poi-1.5,34.18,rank,METADES,RandomForestClassifier,90,0.25882,0.67971,0.07292,0.3803305144692003,0.7586206896551724,0.1560283687943262,0.4683544303797468,89,7,119,22,0.8312236286919831,METADES-RandomForestClassifier-90
PROMISE,poi-2.0,11.15,rank,OLA,RandomForestClassifier,20,0.2549,0.61694,0.18773,0.5342225163225933,0.2,0.3513513513513513,0.7579617834394905,225,52,24,13,0.9394904458598726,OLA-RandomForestClassifier-20
PROMISE,poi-2.5,20.0,rank,OLA,RandomForestClassifier,10,0.34268,0.72363,0.13139,0.4389031537112146,0.7534246575342466,0.2217741935483871,0.4519480519480519,119,18,193,55,0.7012987012987013,OLA-RandomForestClassifier-10
PROMISE,poi-3.0,45.48,rank,LCA,RandomForestClassifier,20,0.37746,0.73241,0.04348,0.4775640909149849,0.9054054054054054,0.2384341637010676,0.5,154,7,214,67,0.6900452488687783,LCA-RandomForestClassifier-20
PROMISE,redaktor,14.77,rank,LCA,RandomForestClassifier,10,0.34211,0.64454,0.24161,0.6042767456096697,0.2653061224489796,0.4814814814814814,0.7159090909090909,113,36,14,13,0.8806818181818182,LCA-RandomForestClassifier-10
PROMISE,serapion,8.89,rank,LCA,RandomForestClassifier,70,0.55556,0.84877,0.11111,0.7027283689263065,0.5555555555555556,0.5555555555555556,0.8222222222222222,32,4,4,5,0.9555555555555556,LCA-RandomForestClassifier-70
PROMISE,skarbonka,15.56,rank,METADES,RandomForestClassifier,60,0.31579,0.73148,0.19444,0.5181877251716008,0.3,0.3333333333333333,0.7111111111111111,29,7,6,3,0.9555555555555556,METADES-RandomForestClassifier-60
PROMISE,sklebagd,40.0,rank,KNORAE,RandomForestClassifier,10,0.5,0.88542,0.0,0.5773502691896257,1.0,0.3333333333333333,0.6,8,0,8,4,0.85,KNORAE-RandomForestClassifier-10
PROMISE,synapse-1.0,8.28,rank,METADES,RandomForestClassifier,30,0.30303,0.81516,0.08511,0.5347001545905414,0.2941176470588235,0.3125,0.8535031847133758,129,12,11,5,0.9808917197452228,METADES-RandomForestClassifier-30
PROMISE,synapse-1.1,18.02,rank,OLA,RandomForestClassifier,10,0.22472,0.6555,0.11728,0.3835613921705181,0.3448275862068966,0.1666666666666666,0.6891891891891891,143,19,50,10,0.8423423423423423,OLA-RandomForestClassifier-10
PROMISE,synapse-1.2,20.31,rank,OLA,RandomForestClassifier,30,0.35938,0.71457,0.11176,0.4873923466670391,0.5476190476190477,0.2674418604651162,0.6796875,151,19,63,23,0.84765625,OLA-RandomForestClassifier-30
PROMISE,systemdata,6.15,rank,LCA,RandomForestClassifier,70,0.26667,0.7877,0.07143,0.4542567625794979,0.3333333333333333,0.2222222222222222,0.8307692307692308,52,4,7,2,0.9384615384615383,LCA-RandomForestClassifier-70
PROMISE,szybkafucha,24.0,rank,LCA,RandomForestClassifier,40,0.13333,0.59091,0.0,0.2672612419124243,1.0,0.0714285714285714,0.48,11,0,13,1,0.64,LCA-RandomForestClassifier-40
PROMISE,termoproject,23.81,rank,MCB,RandomForestClassifier,30,0.25,0.78515,0.03448,0.385410319086497,0.6666666666666666,0.1538461538461538,0.7142857142857143,28,1,11,2,0.8571428571428571,MCB-RandomForestClassifier-30
PROMISE,tomcat,6.41,rank,METADES,RandomForestClassifier,30,0.32407,0.78311,0.13316,0.6277077301811397,0.2517985611510791,0.4545454545454545,0.8298368298368298,677,104,42,35,0.9836829836829836,METADES-RandomForestClassifier-30
PROMISE,velocity-1.4,53.06,rank,OLA,RandomForestClassifier,20,0.15569,0.40601,0.14286,0.2753211747598375,0.65,0.0884353741496598,0.2806122448979591,42,7,134,13,0.423469387755102,OLA-RandomForestClassifier-20
PROMISE,velocity-1.5,30.37,rank,OLA,RandomForestClassifier,80,0.15951,0.57492,0.11111,0.2852668080932077,0.6190476190476191,0.0915492957746478,0.3598130841121495,64,8,129,13,0.5514018691588785,OLA-RandomForestClassifier-80
PROMISE,velocity-1.6,14.85,rank,METADES,RandomForestClassifier,20,0.18367,0.64909,0.07285,0.3270766173263233,0.45,0.1153846153846153,0.6506550218340611,140,11,69,9,0.7729257641921398,METADES-RandomForestClassifier-20
PROMISE,workflow,51.28,rank,LCA,RandomForestClassifier,50,0.26087,0.61316,0.0,0.3872983346207417,1.0,0.15,0.5641025641025641,19,0,17,3,0.6410256410256411,LCA-RandomForestClassifier-50
PROMISE,wspomaganiepi,22.22,rank,LCA,RandomForestClassifier,80,0.14286,0.81944,0.16667,0.2635231383473649,0.5,0.0833333333333333,0.3333333333333333,5,1,11,1,0.8888888888888888,LCA-RandomForestClassifier-80
PROMISE,xalan-2.4,10.93,rank,METADES,RandomForestClassifier,20,0.38462,0.72696,0.12887,0.596966974330529,0.3629032258064516,0.4090909090909091,0.8008298755186722,534,79,65,45,0.9322268326417704,METADES-RandomForestClassifier-20
PROMISE,xalan-2.5,36.99,rank,Rank,LogisticRegression,100,0.34897,0.57981,0.1274,0.4579231915658803,0.636986301369863,0.2403100775193798,0.5678704856787049,363,53,294,93,0.6400996264009963,Rank-LogisticRegression-100
PROMISE,xalan-2.6,30.62,rank,LCA,RandomForestClassifier,10,0.41197,0.65869,0.08439,0.5105375781295982,0.7452229299363057,0.2846715328467153,0.6225988700564972,434,40,294,117,0.7457627118644068,LCA-RandomForestClassifier-10
PROMISE,xalan-2.7,72.61,rank,KNORAE,LogisticRegression,10,0.29115,0.77749,0.0,0.41276945036385,1.0,0.1703786191536748,0.1804180418041804,11,0,745,153,0.2376237623762376,KNORAE-LogisticRegression-10
PROMISE,xerces-1.2,7.05,rank,LCA,RandomForestClassifier,60,0.23944,0.45401,0.14634,0.452102990914326,0.2394366197183098,0.2394366197183098,0.7545454545454545,315,54,54,17,0.875,LCA-RandomForestClassifier-60
PROMISE,xerces-1.3,5.96,rank,LCA,RandomForestClassifier,50,0.36364,0.76189,0.125,0.5742039227726821,0.3513513513513513,0.3768115942028985,0.7991169977924945,336,48,43,26,0.93598233995585,LCA-RandomForestClassifier-50
PROMISE,xerces-1.4,30.78,rank,METADES,RandomForestClassifier,20,0.28125,0.7948,0.01987,0.4018536467081442,0.96,0.1647597254004576,0.3741496598639456,148,3,365,72,0.5884353741496599,METADES-RandomForestClassifier-20
PROMISE,xerces-init,13.58,rank,OLA,RandomForestClassifier,100,0.38182,0.4427,0.14118,0.4839675597914402,0.6363636363636364,0.2727272727272727,0.5802469135802469,73,12,56,21,0.7407407407407407,OLA-RandomForestClassifier-100
PROMISE,zuzel,20.69,rank,OLA,RandomForestClassifier,80,0.63636,0.82452,0.125,0.6864064729836441,0.7777777777777778,0.5384615384615384,0.7241379310344828,14,2,6,7,0.896551724137931,OLA-RandomForestClassifier-80
PROMISE,ant-1.3,8.8,fscore,Rank,DecisionTreeClassifier,20,0.25714,0.53667,0.39048,0.5237229365663817,0.18,0.45,0.584,64,41,11,9,1.0,Rank-DecisionTreeClassifier-20
PROMISE,ant-1.4,19.66,fscore,OLA,DecisionTreeClassifier,40,0.2807,0.48886,0.42029,0.4815434123430768,0.2162162162162162,0.4,0.5393258426966292,80,58,24,16,0.99438202247191,OLA-DecisionTreeClassifier-40
PROMISE,ant-1.5,9.9,fscore,Rank,DecisionTreeClassifier,100,0.25333,0.60848,0.37931,0.6070704100502846,0.1610169491525423,0.59375,0.6177474402730375,162,99,13,19,1.0,Rank-DecisionTreeClassifier-100
PROMISE,ant-1.6,13.11,fscore,OLA,DecisionTreeClassifier,100,0.42424,0.58908,0.34749,0.5895187146508746,0.3525179856115107,0.532608695652174,0.6210826210826211,169,90,43,49,1.0,OLA-DecisionTreeClassifier-100
PROMISE,ant-1.7,12.48,fscore,OLA,DecisionTreeClassifier,90,0.35484,0.55156,0.32988,0.5575295613412415,0.2873134328358209,0.463855421686747,0.6241610738255033,388,191,89,77,1.0,OLA-DecisionTreeClassifier-90
PROMISE,arc,8.97,fscore,OLA,DecisionTreeClassifier,10,0.125,0.40356,0.30435,0.3931785497463923,0.0869565217391304,0.2222222222222222,0.6410256410256411,144,63,21,6,1.0,OLA-DecisionTreeClassifier-10
PROMISE,berek,9.3,fscore,Rank,DecisionTreeClassifier,90,0.35714,0.51389,0.25926,0.4811252243246881,0.4166666666666667,0.3125,0.5813953488372093,20,7,11,5,1.0,Rank-DecisionTreeClassifier-90
PROMISE,camel-1.0,3.54,fscore,KNORAU,LogisticRegression,40,0.08333,0.6765,0.03067,0.2730631306794813,0.0909090909090909,0.0769230769230769,0.935103244837758,316,10,12,1,0.9646017699115044,KNORAU-LogisticRegression-40
PROMISE,camel-1.2,16.28,fscore,KNORAU,LogisticRegression,90,0.14876,0.56543,0.02041,0.2857142857142857,0.6923076923076923,0.0833333333333333,0.6611842105263158,384,8,198,18,0.6907894736842105,KNORAU-LogisticRegression-90
PROMISE,camel-1.4,8.14,fscore,KNORAU,LogisticRegression,10,0.13,0.69206,0.05777,0.2906469402620605,0.2363636363636363,0.0896551724137931,0.8004587155963303,685,42,132,13,0.8245412844036697,KNORAU-LogisticRegression-10
PROMISE,camel-1.6,10.47,fscore,KNORAU,LogisticRegression,50,0.13953,0.58775,0.06692,0.2988930534859647,0.2571428571428571,0.0957446808510638,0.7699481865284974,725,52,170,18,0.7979274611398963,KNORAU-LogisticRegression-50
PROMISE,ckjm,0.0,fscore,Rank,DecisionTreeClassifier,10,0.0,0.1,0.4,0.0,0.0,0.0,0.3,3,2,5,0,0.9,Rank-DecisionTreeClassifier-10
PROMISE,e-learning,4.69,fscore,KNORAU,LogisticRegression,70,0.0,0.87797,0.01695,0.0,0.0,0.0,0.90625,58,1,5,0,0.921875,KNORAU-LogisticRegression-70
PROMISE,forrest-0.7,6.9,fscore,Rank,DecisionTreeClassifier,70,0.42857,0.66667,0.25,0.6708203932499369,0.3333333333333333,0.6,0.7241379310344828,18,6,2,3,1.0,Rank-DecisionTreeClassifier-70
PROMISE,ivy-1.1,18.92,fscore,OLA,DecisionTreeClassifier,30,0.39175,0.51157,0.3125,0.4553474166406018,0.5588235294117647,0.3015873015873015,0.4684684684684684,33,15,44,19,0.990990990990991,OLA-DecisionTreeClassifier-30
PROMISE,ivy-1.4,6.22,fscore,Rank,DecisionTreeClassifier,10,0.11765,0.47792,0.28444,0.4728753653037035,0.072463768115942,0.3125,0.6887966804979253,161,64,11,5,0.991701244813278,Rank-DecisionTreeClassifier-10
PROMISE,ivy-2.0,7.95,fscore,OLA,DecisionTreeClassifier,60,0.24658,0.57151,0.28205,0.5683985600588051,0.1698113207547169,0.45,0.6875,224,88,22,18,0.9971590909090908,OLA-DecisionTreeClassifier-60
PROMISE,jedit-3.2,11.76,fscore,KNORAU,LogisticRegression,10,0.54305,0.78504,0.10989,0.636784504753771,0.6721311475409836,0.4555555555555555,0.7463235294117647,162,20,49,41,0.7830882352941176,KNORAU-LogisticRegression-10
PROMISE,jedit-4.0,11.76,fscore,OLA,DecisionTreeClassifier,80,0.39801,0.57752,0.37229,0.5785985955533721,0.3174603174603174,0.5333333333333333,0.6045751633986928,145,86,35,40,1.0,OLA-DecisionTreeClassifier-80
PROMISE,jedit-4.1,11.86,fscore,KNORAU,DecisionTreeClassifier,20,0.57143,0.76156,0.24034,0.7205962652990118,0.4909090909090909,0.6835443037974683,0.7403846153846154,177,56,25,54,0.9967948717948718,KNORAU-DecisionTreeClassifier-20
PROMISE,jedit-4.2,7.36,fscore,KNORAU,LogisticRegression,50,0.47945,0.83216,0.19749,0.7649587991992178,0.3571428571428571,0.7291666666666666,0.7929155313351499,256,63,13,35,0.8474114441416893,KNORAU-LogisticRegression-50
PROMISE,jedit-4.3,2.03,fscore,KNORAU,LogisticRegression,30,0.08824,0.61709,0.2474,0.6407093026548081,0.048,0.5454545454545454,0.7479674796747967,362,119,5,6,0.7947154471544715,KNORAU-LogisticRegression-30
PROMISE,kalkulator,18.52,fscore,Rank,DecisionTreeClassifier,20,0.16667,0.4881,0.2381,0.3563483225498992,0.1666666666666666,0.1666666666666666,0.6296296296296297,16,5,5,1,1.0,Rank-DecisionTreeClassifier-20
PROMISE,log4j-1.0,15.56,fscore,KNORAU,DecisionTreeClassifier,20,0.4,0.83401,0.05941,0.5259708276986306,0.625,0.2941176470588235,0.7777777777777778,95,6,24,10,1.0,KNORAU-DecisionTreeClassifier-20
PROMISE,log4j-1.1,15.6,fscore,OLA,DecisionTreeClassifier,40,0.47222,0.60267,0.25,0.5870218007830669,0.4857142857142857,0.4594594594594595,0.6513761467889908,54,18,20,17,0.9908256880733946,OLA-DecisionTreeClassifier-40
PROMISE,log4j-1.2,8.78,fscore,Rank,DecisionTreeClassifier,100,0.448,0.45685,0.3125,0.45133546692422,0.918032786885246,0.2962962962962963,0.3268292682926829,11,5,133,56,0.9804878048780488,Rank-DecisionTreeClassifier-100
PROMISE,lucene-2.0,21.03,fscore,Rank,DecisionTreeClassifier,30,0.4,0.50264,0.31731,0.4822504654343687,0.484375,0.3406593406593406,0.5230769230769231,71,33,60,31,0.9897435897435898,Rank-DecisionTreeClassifier-30
PROMISE,lucene-2.2,24.29,fscore,OLA,DecisionTreeClassifier,90,0.4958,0.53004,0.33981,0.5200925152121683,0.6276595744680851,0.4097222222222222,0.5141700404858299,68,35,85,59,0.9838056680161944,OLA-DecisionTreeClassifier-90
PROMISE,lucene-2.4,20.29,fscore,OLA,DecisionTreeClassifier,40,0.42724,0.48652,0.37226,0.4619186193499467,0.575,0.3399014778325123,0.4558823529411764,86,51,134,69,0.9882352941176472,OLA-DecisionTreeClassifier-40
PROMISE,nieruchomosci,29.63,fscore,OLA,DecisionTreeClassifier,50,0.52632,0.66176,0.23529,0.6183469424008423,0.5555555555555556,0.5,0.6666666666666666,13,4,5,5,1.0,OLA-DecisionTreeClassifier-50
PROMISE,pbeans1,42.31,fscore,OLA,DecisionTreeClassifier,90,0.51852,0.67083,0.0,0.5916079783099616,1.0,0.35,0.5,6,0,13,7,1.0,OLA-DecisionTreeClassifier-90
PROMISE,pbeans2,9.8,fscore,OLA,DecisionTreeClassifier,60,0.47619,0.65854,0.14634,0.6533217188282378,0.4545454545454545,0.5,0.7843137254901961,35,6,5,5,1.0,OLA-DecisionTreeClassifier-60
PROMISE,pdftranslator,30.3,fscore,OLA,DecisionTreeClassifier,40,0.58333,0.63333,0.11111,0.6440611887195306,0.7777777777777778,0.4666666666666667,0.696969696969697,16,2,8,7,1.0,OLA-DecisionTreeClassifier-40
PROMISE,poi-1.5,34.18,fscore,Rank,DecisionTreeClassifier,80,0.38424,0.51104,0.23958,0.4586153226663901,0.6290322580645161,0.2765957446808511,0.4725738396624472,73,23,102,39,0.9957805907172996,Rank-DecisionTreeClassifier-80
PROMISE,poi-2.0,11.15,fscore,OLA,DecisionTreeClassifier,80,0.23464,0.54342,0.43682,0.5653679691842904,0.1478873239436619,0.5675675675675675,0.5636942675159236,156,121,16,21,1.0,OLA-DecisionTreeClassifier-80
PROMISE,poi-2.5,20.0,fscore,OLA,DecisionTreeClassifier,50,0.44271,0.48386,0.37226,0.4638446635562203,0.625,0.3427419354838709,0.4441558441558441,86,51,163,85,0.9974025974025974,OLA-DecisionTreeClassifier-50
PROMISE,poi-3.0,45.48,fscore,OLA,DecisionTreeClassifier,80,0.54253,0.57361,0.2236,0.5709918536302362,0.7662337662337663,0.4199288256227758,0.5497737556561086,125,36,163,118,1.0,OLA-DecisionTreeClassifier-80
PROMISE,redaktor,14.77,fscore,Rank,DecisionTreeClassifier,30,0.36842,0.69339,0.44295,0.6582239452631775,0.2413793103448276,0.7777777777777778,0.5909090909090909,83,66,6,21,1.0,Rank-DecisionTreeClassifier-30
PROMISE,serapion,8.89,fscore,Rank,DecisionTreeClassifier,60,0.375,0.62037,0.47222,0.5931710140017394,0.2608695652173913,0.6666666666666666,0.5555555555555556,19,17,3,6,1.0,Rank-DecisionTreeClassifier-60
PROMISE,skarbonka,15.56,fscore,Rank,DecisionTreeClassifier,60,0.32,0.52778,0.33333,0.5443310539518174,0.25,0.4444444444444444,0.6222222222222222,24,12,5,4,1.0,Rank-DecisionTreeClassifier-60
PROMISE,sklebagd,40.0,fscore,OLA,DecisionTreeClassifier,100,0.52632,0.54688,0.25,0.5590169943749475,0.7142857142857143,0.4166666666666667,0.55,6,2,7,5,1.0,OLA-DecisionTreeClassifier-100
PROMISE,synapse-1.0,8.28,fscore,Rank,DecisionTreeClassifier,80,0.27778,0.66179,0.32624,0.6489216368562092,0.1785714285714285,0.625,0.6687898089171974,95,46,6,10,1.0,Rank-DecisionTreeClassifier-80
PROMISE,synapse-1.1,18.02,fscore,OLA,DecisionTreeClassifier,20,0.37879,0.5304,0.29012,0.5438583390958672,0.3472222222222222,0.4166666666666667,0.6306306306306306,115,47,35,25,1.0,OLA-DecisionTreeClassifier-20
PROMISE,synapse-1.2,20.31,fscore,OLA,LogisticRegression,70,0.27778,0.74583,0.04118,0.4089457936043641,0.6818181818181818,0.1744186046511628,0.6953125,163,7,71,15,0.734375,OLA-LogisticRegression-70
PROMISE,systemdata,6.15,fscore,Rank,DecisionTreeClassifier,30,0.46667,0.75992,0.25,0.7637626158259734,0.3333333333333333,0.7777777777777778,0.7538461538461538,42,14,2,7,1.0,Rank-DecisionTreeClassifier-30
PROMISE,szybkafucha,24.0,fscore,OLA,DecisionTreeClassifier,40,0.52632,0.71429,0.0,0.5976143046671969,1.0,0.3571428571428571,0.64,11,0,9,5,1.0,OLA-DecisionTreeClassifier-40
PROMISE,termoproject,23.81,fscore,OLA,DecisionTreeClassifier,80,0.41667,0.59151,0.2069,0.5523040718647731,0.4545454545454545,0.3846153846153846,0.6666666666666666,23,6,8,5,1.0,OLA-DecisionTreeClassifier-80
PROMISE,tomcat,6.41,fscore,Rank,DecisionTreeClassifier,60,0.1875,0.55204,0.38412,0.5585138692596736,0.1150442477876106,0.5064935064935064,0.6060606060606061,481,300,38,39,1.0,Rank-DecisionTreeClassifier-60
PROMISE,velocity-1.4,53.06,fscore,OLA,DecisionTreeClassifier,10,0.38191,0.50187,0.28571,0.4297037196558845,0.7307692307692307,0.2585034013605442,0.3724489795918367,35,14,109,38,0.9132653061224488,OLA-DecisionTreeClassifier-10
PROMISE,velocity-1.5,30.37,fscore,OLA,DecisionTreeClassifier,50,0.35354,0.44728,0.29167,0.4178387271160181,0.625,0.2464788732394366,0.4018691588785046,51,21,107,35,0.9672897196261684,OLA-DecisionTreeClassifier-50
PROMISE,velocity-1.6,14.85,fscore,Rank,DecisionTreeClassifier,60,0.4106,0.54186,0.27815,0.5356218940454913,0.4246575342465753,0.3974358974358974,0.611353711790393,109,42,47,31,1.0,Rank-DecisionTreeClassifier-60
PROMISE,wspomaganiepi,22.22,fscore,Rank,DecisionTreeClassifier,10,0.66667,0.55556,0.33333,0.6236095644623236,0.7777777777777778,0.5833333333333334,0.6111111111111112,4,2,5,7,1.0,Rank-DecisionTreeClassifier-10
PROMISE,workflow,51.28,fscore,OLA,DecisionTreeClassifier,40,0.42424,0.53553,0.31579,0.4893604849295928,0.5384615384615384,0.35,0.5128205128205128,13,6,13,7,1.0,OLA-DecisionTreeClassifier-40
PROMISE,xalan-2.4,10.93,fscore,OLA,LogisticRegression,80,0.36293,0.73018,0.16639,0.5968054757756203,0.3154362416107382,0.4272727272727272,0.7717842323651453,511,102,63,47,0.8437067773167358,OLA-LogisticRegression-80
PROMISE,xalan-2.5,36.99,fscore,Rank,LogisticRegression,30,0.33898,0.57832,0.12981,0.4498558703790472,0.625,0.2325581395348837,0.5628891656288917,362,54,297,90,0.6027397260273972,Rank-LogisticRegression-30
PROMISE,xalan-2.6,30.62,fscore,OLA,LogisticRegression,60,0.36429,0.61182,0.09916,0.472828821844985,0.6845637583892618,0.2481751824817518,0.5977401129943503,427,47,309,102,0.6892655367231638,OLA-LogisticRegression-60
PROMISE,xalan-2.7,72.61,fscore,Rank,LogisticRegression,20,0.30726,0.77465,0.0,0.4260451579524162,1.0,0.1815144766146993,0.1914191419141914,11,0,735,163,0.2464246424642464,Rank-LogisticRegression-20
PROMISE,xerces-1.2,7.05,fscore,OLA,DecisionTreeClassifier,10,0.17172,0.4763,0.2981,0.4099510331888196,0.1338582677165354,0.2394366197183098,0.6272727272727273,259,110,54,17,0.9272727272727272,OLA-DecisionTreeClassifier-10
PROMISE,xerces-1.3,5.96,fscore,OLA,LogisticRegression,90,0.33898,0.73956,0.07552,0.5176533355880271,0.4081632653061224,0.2898550724637681,0.8278145695364238,355,29,49,20,0.8763796909492274,OLA-LogisticRegression-90
PROMISE,xerces-1.4,30.78,fscore,OLA,LogisticRegression,60,0.17769,0.73036,0.02649,0.3095021733594589,0.9148936170212766,0.0983981693363844,0.3231292517006803,147,4,394,43,0.3707482993197279,OLA-LogisticRegression-60
PROMISE,xerces-init,13.58,fscore,OLA,DecisionTreeClassifier,100,0.37037,0.45271,0.38824,0.4456735402817374,0.4310344827586206,0.3246753246753247,0.4753086419753086,52,33,52,25,0.9382716049382716,OLA-DecisionTreeClassifier-100
PROMISE,zuzel,20.69,fscore,OLA,DecisionTreeClassifier,80,0.57143,0.66587,0.125,0.6354889093022426,0.75,0.4615384615384615,0.6896551724137931,14,2,7,6,0.9655172413793104,OLA-DecisionTreeClassifier-80
PROMISE,ant-1.3,8.8,auc,KNORAE,RandomForestClassifier,70,0.47619,0.81381,0.11429,0.6654751256486924,0.4545454545454545,0.5,0.824,93,12,10,10,0.96,KNORAE-RandomForestClassifier-70
PROMISE,ant-1.4,19.66,auc,LCA,RandomForestClassifier,40,0.26667,0.55435,0.18116,0.4524490523004068,0.2857142857142857,0.25,0.6910112359550562,113,25,30,10,0.8426966292134831,LCA-RandomForestClassifier-40
PROMISE,ant-1.5,9.9,auc,Rank,RandomForestClassifier,80,0.2549,0.70911,0.21839,0.5634968816525819,0.1857142857142857,0.40625,0.7406143344709898,204,57,19,13,0.969283276450512,Rank-RandomForestClassifier-80
PROMISE,ant-1.6,13.11,auc,Rank,RandomForestClassifier,20,0.52809,0.78748,0.15058,0.6587436982850132,0.5465116279069767,0.5108695652173914,0.7606837606837606,220,39,45,47,0.9287749287749288,Rank-RandomForestClassifier-20
PROMISE,ant-1.7,12.48,auc,MCB,RandomForestClassifier,40,0.46154,0.7447,0.16235,0.6273715851167061,0.4534883720930232,0.4698795180722891,0.7557046979865771,485,94,88,78,0.9355704697986578,MCB-RandomForestClassifier-40
PROMISE,arc,8.97,auc,Rank,RandomForestClassifier,10,0.37736,0.75523,0.07729,0.5845876400442173,0.3846153846153846,0.3703703703703703,0.8589743589743589,191,16,17,10,0.9316239316239316,Rank-RandomForestClassifier-10
PROMISE,berek,9.3,auc,METADES,RandomForestClassifier,50,0.82759,0.96528,0.03704,0.8498365855987975,0.9230769230769232,0.75,0.8837209302325582,26,1,4,12,1.0,METADES-RandomForestClassifier-50
PROMISE,camel-1.0,3.54,auc,LCA,LogisticRegression,60,0.08333,0.68263,0.03067,0.2730631306794813,0.0909090909090909,0.0769230769230769,0.935103244837758,316,10,12,1,0.9616519174041298,LCA-LogisticRegression-60
PROMISE,camel-1.2,16.28,auc,OLA,LogisticRegression,50,0.16935,0.56987,0.02806,0.3073988412779847,0.65625,0.0972222222222222,0.6611842105263158,381,11,195,21,0.6858552631578947,OLA-LogisticRegression-50
PROMISE,camel-1.4,8.14,auc,Rank,LogisticRegression,60,0.15,0.68875,0.05502,0.3126603368970193,0.2727272727272727,0.1034482758620689,0.805045871559633,687,40,130,15,0.8371559633027523,Rank-LogisticRegression-60
PROMISE,camel-1.6,10.47,auc,Rank,LogisticRegression,40,0.16031,0.59596,0.06821,0.3226186699657442,0.2837837837837837,0.1117021276595744,0.772020725388601,724,53,167,21,0.8031088082901554,Rank-LogisticRegression-40
PROMISE,ckjm,0.0,auc,MCB,RandomForestClassifier,10,0.33333,0.72,0.0,0.447213595499958,1.0,0.2,0.6,5,0,4,1,0.6,MCB-RandomForestClassifier-10
PROMISE,e-learning,4.69,auc,KNORAU,DecisionTreeClassifier,90,0.22222,0.75593,0.05085,0.435695430862634,0.25,0.2,0.890625,56,3,4,1,1.0,KNORAU-DecisionTreeClassifier-90
PROMISE,forrest-0.7,6.9,auc,OLA,RandomForestClassifier,10,0.33333,0.8,0.0,0.447213595499958,1.0,0.2,0.8620689655172413,24,0,4,1,0.9655172413793104,OLA-RandomForestClassifier-10
PROMISE,ivy-1.1,18.92,auc,LCA,RandomForestClassifier,10,0.325,0.67857,0.08333,0.4349177383752462,0.7647058823529411,0.2063492063492063,0.5135135135135135,44,4,50,13,0.6486486486486487,LCA-RandomForestClassifier-10
PROMISE,ivy-1.4,6.22,auc,OLA,RandomForestClassifier,20,0.21739,0.74806,0.11111,0.5270462766947298,0.1666666666666666,0.3125,0.8506224066390041,200,25,11,5,0.946058091286307,OLA-RandomForestClassifier-20
PROMISE,ivy-2.0,7.95,auc,METADES,RandomForestClassifier,20,0.43011,0.76827,0.10577,0.6686668711812965,0.3773584905660377,0.5,0.8494318181818182,279,33,20,20,0.9460227272727272,METADES-RandomForestClassifier-20
PROMISE,jedit-3.2,11.76,auc,KNORAE,RandomForestClassifier,10,0.6257,0.80611,0.18132,0.713723832726433,0.6292134831460674,0.6222222222222222,0.7536764705882353,149,33,34,56,0.9007352941176472,KNORAE-RandomForestClassifier-10
PROMISE,jedit-4.0,11.76,auc,LCA,RandomForestClassifier,50,0.49689,0.74026,0.19913,0.6535506308836578,0.4651162790697674,0.5333333333333333,0.7352941176470589,185,46,35,40,0.937908496732026,LCA-RandomForestClassifier-50
PROMISE,jedit-4.1,11.86,auc,Rank,RandomForestClassifier,20,0.57609,0.78671,0.22318,0.7219144188184679,0.5047619047619047,0.6708860759493671,0.75,181,52,26,53,0.9262820512820512,Rank-RandomForestClassifier-20
PROMISE,jedit-4.2,7.36,auc,Rank,RandomForestClassifier,20,0.4385,0.82576,0.30721,0.7692581479734976,0.2949640287769784,0.8541666666666666,0.7138964577656676,221,98,7,41,0.9019073569482288,Rank-RandomForestClassifier-20
PROMISE,jedit-4.3,2.03,auc,KNORAE,RandomForestClassifier,10,0.05556,0.56152,0.34096,0.5473255882610456,0.029585798816568,0.4545454545454545,0.6544715447154471,317,164,6,5,0.7967479674796748,KNORAE-RandomForestClassifier-10
PROMISE,kalkulator,18.52,auc,KNOP,RandomForestClassifier,10,0.25,0.5754,0.04762,0.3984095364447979,0.5,0.1666666666666666,0.7777777777777778,20,1,5,1,0.8518518518518519,KNOP-RandomForestClassifier-10
PROMISE,log4j-1.0,15.56,auc,KNORAE,RandomForestClassifier,30,0.32558,0.83605,0.0198,0.4492276423653308,0.7777777777777778,0.2058823529411764,0.7851851851851852,99,2,27,7,0.9037037037037036,KNORAE-RandomForestClassifier-30
PROMISE,log4j-1.1,15.6,auc,MCB,RandomForestClassifier,20,0.375,0.78041,0.02778,0.4862987625796373,0.8181818181818182,0.2432432432432432,0.7247706422018348,70,2,28,9,0.8256880733944955,MCB-RandomForestClassifier-20
PROMISE,log4j-1.2,8.78,auc,OLA,RandomForestClassifier,10,0.24186,0.50562,0.0,0.3708990935094578,1.0,0.1375661375661375,0.2048780487804878,16,0,163,26,0.3170731707317073,OLA-RandomForestClassifier-10
PROMISE,lucene-2.0,21.03,auc,MCB,RandomForestClassifier,10,0.30357,0.70969,0.03846,0.4238255115533382,0.8095238095238095,0.1868131868131868,0.6,100,4,74,17,0.7487179487179487,MCB-RandomForestClassifier-10
PROMISE,lucene-2.2,24.29,auc,MCB,RandomForestClassifier,30,0.20359,0.62082,0.05825,0.33343445068234,0.7391304347826086,0.1180555555555555,0.4615384615384615,97,6,127,17,0.6518218623481782,MCB-RandomForestClassifier-30
PROMISE,lucene-2.4,20.29,auc,LCA,RandomForestClassifier,10,0.2915,0.62892,0.05839,0.4086371089279528,0.8181818181818182,0.1773399014778325,0.4852941176470588,129,8,167,36,0.6235294117647059,LCA-RandomForestClassifier-10
PROMISE,nieruchomosci,29.63,auc,LCA,RandomForestClassifier,20,0.15385,0.65882,0.11765,0.2970442628930023,0.3333333333333333,0.1,0.5925925925925926,15,2,9,1,0.8518518518518519,LCA-RandomForestClassifier-20
PROMISE,pbeans1,42.31,auc,Rank,RandomForestClassifier,20,0.4,0.825,0.0,0.5,1.0,0.25,0.4230769230769231,6,0,15,5,0.5,Rank-RandomForestClassifier-20
PROMISE,pbeans2,9.8,auc,OLA,RandomForestClassifier,40,0.28571,0.8122,0.04878,0.4361695799101817,0.5,0.2,0.803921568627451,39,2,8,2,0.9019607843137256,OLA-RandomForestClassifier-40
PROMISE,pdftranslator,30.3,auc,MCB,RandomForestClassifier,10,0.57143,0.84444,0.0,0.6324555320336759,1.0,0.4,0.7272727272727273,18,0,9,6,0.7878787878787878,MCB-RandomForestClassifier-10
PROMISE,poi-1.5,34.18,auc,MCB,RandomForestClassifier,50,0.32222,0.7032,0.10417,0.4292428321864577,0.7435897435897436,0.2056737588652482,0.4852320675105485,86,10,112,29,0.8143459915611815,MCB-RandomForestClassifier-50
PROMISE,poi-2.0,11.15,auc,OLA,RandomForestClassifier,20,0.21978,0.62709,0.15884,0.4768010618801208,0.1851851851851851,0.2702702702702703,0.7738853503184714,233,44,27,10,0.9363057324840764,OLA-RandomForestClassifier-20
PROMISE,poi-2.5,20.0,auc,METADES,RandomForestClassifier,20,0.34921,0.74611,0.08759,0.4498318760839755,0.8208955223880597,0.2217741935483871,0.4675324675324675,125,12,193,55,0.7532467532467533,METADES-RandomForestClassifier-20
PROMISE,poi-3.0,45.48,auc,Rank,RandomForestClassifier,30,0.39782,0.73074,0.08075,0.4886818280299168,0.8488372093023255,0.2597864768683274,0.5,148,13,208,73,0.7013574660633484,Rank-RandomForestClassifier-30
PROMISE,redaktor,14.77,auc,MCB,RandomForestClassifier,30,0.10256,0.56189,0.31544,0.3184601279512169,0.0784313725490196,0.1481481481481481,0.6022727272727273,102,47,23,4,0.9204545454545454,MCB-RandomForestClassifier-30
PROMISE,serapion,8.89,auc,KNOP,RandomForestClassifier,10,0.57143,0.85494,0.02778,0.6573421981221795,0.8,0.4444444444444444,0.8666666666666667,35,1,5,4,0.9111111111111112,KNOP-RandomForestClassifier-10
PROMISE,skarbonka,15.56,auc,KNORAE,RandomForestClassifier,60,0.3,0.7284,0.22222,0.5091750772173155,0.2727272727272727,0.3333333333333333,0.6888888888888889,28,8,6,3,0.9555555555555556,KNORAE-RandomForestClassifier-60
PROMISE,sklebagd,40.0,auc,KNORAE,RandomForestClassifier,10,0.63158,0.875,0.125,0.6614378277661477,0.8571428571428571,0.5,0.65,7,1,6,6,0.75,KNORAE-RandomForestClassifier-10
PROMISE,synapse-1.0,8.28,auc,METADES,RandomForestClassifier,30,0.4,0.82713,0.11348,0.6657795516141343,0.3333333333333333,0.5,0.8471337579617835,125,16,8,8,0.9872611464968152,METADES-RandomForestClassifier-30
PROMISE,synapse-1.1,18.02,auc,KNORAE,RandomForestClassifier,10,0.18605,0.65201,0.11111,0.3442651863295482,0.3076923076923077,0.1333333333333333,0.6846846846846847,144,18,52,8,0.8333333333333334,KNORAE-RandomForestClassifier-10
PROMISE,synapse-1.2,20.31,auc,OLA,RandomForestClassifier,20,0.42748,0.72141,0.1,0.5413162253377904,0.6222222222222222,0.3255813953488372,0.70703125,153,17,58,28,0.84765625,OLA-RandomForestClassifier-20
PROMISE,systemdata,6.15,auc,Rank,RandomForestClassifier,30,0.42105,0.81151,0.10714,0.629940788348712,0.4,0.4444444444444444,0.8307692307692308,50,6,5,4,0.9384615384615383,Rank-RandomForestClassifier-30
PROMISE,szybkafucha,24.0,auc,OLA,RandomForestClassifier,20,0.0,0.72727,0.0,0.0,0.0,0.0,0.44,11,0,14,0,0.56,OLA-RandomForestClassifier-20
PROMISE,termoproject,23.81,auc,OLA,RandomForestClassifier,10,0.13333,0.80902,0.03448,0.2725262501653331,0.5,0.0769230769230769,0.6904761904761905,28,1,12,1,0.7857142857142857,OLA-RandomForestClassifier-10
PROMISE,tomcat,6.41,auc,KNORAE,RandomForestClassifier,20,0.32759,0.78865,0.14981,0.6477463261632732,0.2451612903225806,0.4935064935064935,0.8181818181818182,664,117,39,38,0.9825174825174824,KNORAE-RandomForestClassifier-20
PROMISE,velocity-1.4,53.06,auc,OLA,RandomForestClassifier,10,0.14458,0.40372,0.14286,0.2645200285064432,0.631578947368421,0.0816326530612244,0.2755102040816326,42,7,135,12,0.3877551020408163,OLA-RandomForestClassifier-10
PROMISE,velocity-1.5,30.37,auc,LCA,RandomForestClassifier,10,0.16049,0.55145,0.09722,0.2874868167352324,0.65,0.0915492957746478,0.3644859813084112,65,7,129,13,0.4719626168224299,LCA-RandomForestClassifier-10
PROMISE,velocity-1.6,14.85,auc,METADES,RandomForestClassifier,20,0.18947,0.64739,0.05298,0.3305624346153204,0.5294117647058824,0.1153846153846153,0.6637554585152838,143,8,69,9,0.7729257641921398,METADES-RandomForestClassifier-20
PROMISE,workflow,51.28,auc,KNORAE,RandomForestClassifier,10,0.0,0.61579,0.0,0.0,0.0,0.0,0.4871794871794871,19,0,20,0,0.6410256410256411,KNORAE-RandomForestClassifier-10
PROMISE,wspomaganiepi,22.22,auc,METADES,RandomForestClassifier,20,0.28571,0.90278,0.0,0.408248290463863,1.0,0.1666666666666666,0.4444444444444444,6,0,10,2,0.6666666666666666,METADES-RandomForestClassifier-20
PROMISE,xalan-2.4,10.93,auc,KNORAE,RandomForestClassifier,10,0.37975,0.72225,0.13377,0.5952877390087487,0.3543307086614173,0.4090909090909091,0.7966804979253111,531,82,65,45,0.9225449515905948,KNORAE-RandomForestClassifier-10
PROMISE,xalan-2.5,36.99,auc,Rank,LogisticRegression,100,0.35581,0.57286,0.125,0.4634579610425813,0.6462585034013606,0.2454780361757106,0.5716064757160647,364,52,292,95,0.6338729763387297,Rank-LogisticRegression-100
PROMISE,xalan-2.6,30.62,auc,LCA,RandomForestClassifier,10,0.40636,0.64887,0.08439,0.5061552002490403,0.7419354838709677,0.2798053527980535,0.6203389830508474,434,40,296,115,0.7435028248587571,LCA-RandomForestClassifier-10
PROMISE,xalan-2.7,72.61,auc,Rank,LogisticRegression,10,0.30085,0.76271,0.0,0.4207851395074325,1.0,0.1770601336302895,0.187018701870187,11,0,739,159,0.2343234323432343,Rank-LogisticRegression-10
PROMISE,xerces-1.2,7.05,auc,KNORAU,DecisionTreeClassifier,30,0.20859,0.47462,0.20325,0.4367729846279039,0.1847826086956521,0.2394366197183098,0.7068181818181818,294,75,54,17,0.9545454545454546,KNORAU-DecisionTreeClassifier-30
PROMISE,xerces-1.3,5.96,auc,KNORAU,DecisionTreeClassifier,80,0.49032,0.7748,0.125,0.6941786931122379,0.4418604651162791,0.5507246376811594,0.82560706401766,336,48,31,38,0.9955849889624724,KNORAU-DecisionTreeClassifier-80
PROMISE,xerces-1.4,30.78,auc,LCA,RandomForestClassifier,20,0.27789,0.79433,0.01987,0.3990532387458716,0.9594594594594594,0.1624713958810068,0.3724489795918367,148,3,366,71,0.5731292517006803,LCA-RandomForestClassifier-20
PROMISE,xerces-init,13.58,auc,KNORAE,DecisionTreeClassifier,100,0.3252,0.41276,0.30588,0.424606050283503,0.4347826086956521,0.2597402597402597,0.4876543209876543,59,26,57,20,0.9012345679012346,KNORAE-DecisionTreeClassifier-100
PROMISE,zuzel,20.69,auc,Rank,RandomForestClassifier,30,0.6,0.84375,0.0625,0.6577935144802719,0.8571428571428571,0.4615384615384615,0.7241379310344828,15,1,7,6,0.9310344827586208,Rank-RandomForestClassifier-30
PROMISE,ant-1.3,8.8,pf,KNOP,RandomForestClassifier,60,0.43902,0.76619,0.11429,0.6313251369709815,0.4285714285714285,0.45,0.816,93,12,11,9,0.968,KNOP-RandomForestClassifier-60
PROMISE,ant-1.4,19.66,pf,KNOP,RandomForestClassifier,80,0.25316,0.55136,0.21014,0.4443689549416588,0.2564102564102564,0.25,0.6685393258426966,109,29,30,10,0.8876404494382022,KNOP-RandomForestClassifier-80
PROMISE,ant-1.5,9.9,pf,KNOP,RandomForestClassifier,100,0.28866,0.72737,0.1954,0.593305565668209,0.2153846153846154,0.4375,0.764505119453925,210,51,18,14,0.969283276450512,KNOP-RandomForestClassifier-100
PROMISE,ant-1.6,13.11,pf,KNOP,RandomForestClassifier,50,0.53039,0.79419,0.1583,0.6626818405207112,0.5393258426966292,0.5217391304347826,0.7578347578347578,218,41,44,48,0.9487179487179488,KNOP-RandomForestClassifier-50
PROMISE,ant-1.7,12.48,pf,KNOP,RandomForestClassifier,50,0.47368,0.74966,0.16408,0.6386631583839959,0.4602272727272727,0.4879518072289157,0.7583892617449665,484,95,85,81,0.9422818791946308,KNOP-RandomForestClassifier-50
PROMISE,arc,8.97,pf,KNOP,RandomForestClassifier,30,0.36735,0.77277,0.0628,0.5589269682862125,0.4090909090909091,0.3333333333333333,0.8675213675213675,194,13,18,9,0.9316239316239316,KNOP-RandomForestClassifier-30
PROMISE,berek,9.3,pf,KNOP,RandomForestClassifier,20,0.78571,0.98148,0.03704,0.8136565842153783,0.9166666666666666,0.6875,0.8604651162790697,26,1,5,11,1.0,KNOP-RandomForestClassifier-20
PROMISE,camel-1.0,3.54,pf,KNOP,RandomForestClassifier,50,0.20833,0.66682,0.09202,0.5909495163010313,0.1428571428571428,0.3846153846153846,0.887905604719764,296,30,8,5,0.9852507374631267,KNOP-RandomForestClassifier-50
PROMISE,camel-1.2,16.28,pf,KNOP,RandomForestClassifier,90,0.25874,0.56774,0.08418,0.3960756806752636,0.5285714285714286,0.1712962962962963,0.6513157894736842,359,33,179,37,0.8404605263157895,KNOP-RandomForestClassifier-90
PROMISE,camel-1.4,8.14,pf,KNOP,RandomForestClassifier,50,0.27273,0.66066,0.11417,0.4689677493104178,0.3025210084033613,0.2482758620689655,0.7798165137614679,644,83,109,36,0.9346330275229358,KNOP-RandomForestClassifier-50
PROMISE,camel-1.6,10.47,pf,KNOP,RandomForestClassifier,10,0.22785,0.5599,0.1184,0.4108725260296919,0.28125,0.1914893617021276,0.7471502590673575,685,92,152,36,0.8580310880829015,KNOP-RandomForestClassifier-10
PROMISE,ckjm,0.0,pf,KNOP,RandomForestClassifier,10,0.0,0.72,0.0,0.0,0.0,0.0,0.5,5,0,5,0,0.6,KNOP-RandomForestClassifier-10
PROMISE,e-learning,4.69,pf,OLA,RandomForestClassifier,20,0.0,0.78305,0.0678,0.0,0.0,0.0,0.859375,55,4,5,0,0.96875,OLA-RandomForestClassifier-20
PROMISE,forrest-0.7,6.9,pf,KNOP,RandomForestClassifier,50,0.33333,0.775,0.0,0.447213595499958,1.0,0.2,0.8620689655172413,24,0,4,1,0.9655172413793104,KNOP-RandomForestClassifier-50
PROMISE,ivy-1.1,18.92,pf,KNOP,RandomForestClassifier,20,0.33735,0.64765,0.125,0.4409585518440984,0.7,0.2222222222222222,0.5045045045045045,42,6,49,14,0.6756756756756757,KNOP-RandomForestClassifier-20
PROMISE,ivy-1.4,6.22,pf,KNOP,RandomForestClassifier,20,0.20833,0.74028,0.12,0.5244044240850758,0.15625,0.3125,0.8423236514522822,198,27,11,5,0.946058091286307,KNOP-RandomForestClassifier-20
PROMISE,ivy-2.0,7.95,pf,KNOP,RandomForestClassifier,60,0.41237,0.75881,0.11859,0.6638562556797429,0.3508771929824561,0.5,0.8380681818181818,275,37,20,20,0.9488636363636364,KNOP-RandomForestClassifier-60
PROMISE,jedit-3.2,11.76,pf,KNOP,RandomForestClassifier,30,0.61878,0.79115,0.19231,0.7089175569585666,0.6153846153846154,0.6222222222222222,0.7463235294117647,147,35,34,56,0.9375,KNOP-RandomForestClassifier-30
PROMISE,jedit-4.0,11.76,pf,KNOP,RandomForestClassifier,40,0.49718,0.72949,0.25108,0.6628461958592501,0.4313725490196078,0.5866666666666667,0.7091503267973857,173,58,31,44,0.9281045751633988,KNOP-RandomForestClassifier-40
PROMISE,jedit-4.1,11.86,pf,KNOP,RandomForestClassifier,20,0.57292,0.78872,0.24893,0.7231174850317822,0.4867256637168141,0.6962025316455697,0.7371794871794872,175,58,24,55,0.9230769230769232,KNOP-RandomForestClassifier-20
PROMISE,jedit-4.2,7.36,pf,KNOP,RandomForestClassifier,10,0.44086,0.82824,0.30408,0.770996586683181,0.2971014492753623,0.8541666666666666,0.7166212534059946,222,97,7,41,0.8746594005449592,KNOP-RandomForestClassifier-10
PROMISE,jedit-4.3,2.03,pf,KNOP,RandomForestClassifier,70,0.06417,0.55301,0.35343,0.5938639176396834,0.034090909090909,0.5454545454545454,0.6443089430894309,311,170,5,6,0.9004065040650406,KNOP-RandomForestClassifier-70
PROMISE,kalkulator,18.52,pf,KNOP,RandomForestClassifier,30,0.28571,0.61508,0.0,0.408248290463863,1.0,0.1666666666666666,0.8148148148148148,21,0,5,1,0.8888888888888888,KNOP-RandomForestClassifier-30
PROMISE,log4j-1.0,15.56,pf,KNOP,RandomForestClassifier,40,0.37209,0.74607,0.0099,0.4826639337239525,0.8888888888888888,0.2352941176470588,0.8,100,1,26,8,0.9333333333333332,KNOP-RandomForestClassifier-40
PROMISE,log4j-1.1,15.6,pf,KNOP,RandomForestClassifier,30,0.48,0.70646,0.01389,0.5655261442407591,0.9230769230769232,0.3243243243243243,0.7614678899082569,71,1,25,12,0.8715596330275229,KNOP-RandomForestClassifier-30
PROMISE,log4j-1.2,8.78,pf,KNOP,RandomForestClassifier,100,0.19139,0.46429,0.0,0.3253000243161777,1.0,0.1058201058201058,0.1756097560975609,16,0,169,20,0.4439024390243902,KNOP-RandomForestClassifier-100
PROMISE,lucene-2.0,21.03,pf,KNOP,RandomForestClassifier,60,0.30088,0.66267,0.04808,0.4217010595208582,0.7727272727272727,0.1868131868131868,0.5948717948717949,99,5,74,17,0.8205128205128205,KNOP-RandomForestClassifier-60
PROMISE,lucene-2.2,24.29,pf,KNORAU,RandomForestClassifier,60,0.21302,0.63188,0.06796,0.3413280743931446,0.72,0.125,0.4615384615384615,96,7,126,18,0.6882591093117408,KNORAU-RandomForestClassifier-60
PROMISE,lucene-2.4,20.29,pf,KNORAU,RandomForestClassifier,10,0.31496,0.6208,0.08029,0.4257032499108344,0.7843137254901961,0.1970443349753694,0.488235294117647,126,11,163,40,0.6352941176470588,KNORAU-RandomForestClassifier-10
PROMISE,nieruchomosci,29.63,pf,KNOP,RandomForestClassifier,80,0.33333,0.88235,0.0,0.447213595499958,1.0,0.2,0.7037037037037037,17,0,8,2,0.8888888888888888,KNOP-RandomForestClassifier-80
PROMISE,pbeans1,42.31,pf,KNOP,RandomForestClassifier,60,0.33333,0.84167,0.0,0.447213595499958,1.0,0.2,0.3846153846153846,6,0,16,4,0.5,KNOP-RandomForestClassifier-60
PROMISE,pbeans2,9.8,pf,KNOP,RandomForestClassifier,30,0.42857,0.8122,0.02439,0.5410017808004594,0.75,0.3,0.8431372549019608,40,1,7,3,0.9215686274509804,KNOP-RandomForestClassifier-30
PROMISE,pdftranslator,30.3,pf,KNOP,RandomForestClassifier,70,0.57143,0.81481,0.0,0.6324555320336759,1.0,0.4,0.7272727272727273,18,0,9,6,0.8484848484848485,KNOP-RandomForestClassifier-70
PROMISE,poi-1.5,34.18,pf,KNORAU,RandomForestClassifier,10,0.27586,0.6933,0.09375,0.3927535094037176,0.7272727272727273,0.1702127659574468,0.4683544303797468,87,9,117,24,0.6582278481012658,KNORAU-RandomForestClassifier-10
PROMISE,poi-2.0,11.15,pf,KNORAU,RandomForestClassifier,20,0.28866,0.64343,0.16606,0.5617321245957967,0.2333333333333333,0.3783783783783784,0.7802547770700637,231,46,23,14,0.9394904458598726,KNORAU-RandomForestClassifier-20
PROMISE,poi-2.5,20.0,pf,KNOP,RandomForestClassifier,80,0.32692,0.70532,0.09489,0.4314294691618943,0.796875,0.2056451612903226,0.4545454545454545,124,13,197,51,0.8285714285714286,KNOP-RandomForestClassifier-80
PROMISE,poi-3.0,45.48,pf,KNORAU,RandomForestClassifier,20,0.41644,0.75817,0.04969,0.5069748478830302,0.9047619047619048,0.2704626334519573,0.5180995475113123,153,8,205,76,0.6787330316742082,KNORAU-RandomForestClassifier-20
PROMISE,redaktor,14.77,pf,KNOP,RandomForestClassifier,30,0.23684,0.59446,0.26846,0.49380955308738,0.1836734693877551,0.3333333333333333,0.6704545454545454,109,40,18,9,0.9147727272727272,KNOP-RandomForestClassifier-30
PROMISE,serapion,8.89,pf,KNOP,RandomForestClassifier,10,0.57143,0.8179,0.02778,0.6573421981221795,0.8,0.4444444444444444,0.8666666666666667,35,1,5,4,0.9333333333333332,KNOP-RandomForestClassifier-10
PROMISE,skarbonka,15.56,pf,KNOP,RandomForestClassifier,40,0.31579,0.71296,0.19444,0.5181877251716008,0.3,0.3333333333333333,0.7111111111111111,29,7,6,3,0.9555555555555556,KNOP-RandomForestClassifier-40
PROMISE,sklebagd,40.0,pf,KNOP,RandomForestClassifier,100,0.55556,0.875,0.125,0.60380736442456,0.8333333333333334,0.4166666666666667,0.6,7,1,7,5,1.0,KNOP-RandomForestClassifier-100
PROMISE,synapse-1.0,8.28,pf,KNORAU,RandomForestClassifier,70,0.4,0.73005,0.08511,0.6326657549186684,0.3684210526315789,0.4375,0.8662420382165605,129,12,9,7,0.9872611464968152,KNORAU-RandomForestClassifier-70
PROMISE,synapse-1.1,18.02,pf,KNOP,RandomForestClassifier,10,0.25581,0.63565,0.09259,0.4078701076217256,0.4230769230769231,0.1833333333333333,0.7117117117117117,147,15,49,11,0.8243243243243243,KNOP-RandomForestClassifier-10
PROMISE,synapse-1.2,20.31,pf,KNOP,RandomForestClassifier,20,0.38017,0.70287,0.07059,0.4985615423306415,0.6571428571428571,0.2674418604651162,0.70703125,158,12,63,23,0.8515625,KNOP-RandomForestClassifier-20
PROMISE,systemdata,6.15,pf,KNOP,RandomForestClassifier,10,0.26667,0.7619,0.07143,0.4542567625794979,0.3333333333333333,0.2222222222222222,0.8307692307692308,52,4,7,2,0.9230769230769232,KNOP-RandomForestClassifier-10
PROMISE,szybkafucha,24.0,pf,KNOP,RandomForestClassifier,90,0.0,0.75974,0.0,0.0,0.0,0.0,0.44,11,0,14,0,0.72,KNOP-RandomForestClassifier-90
PROMISE,termoproject,23.81,pf,KNOP,RandomForestClassifier,30,0.14286,0.64456,0.0,0.2773500981126146,1.0,0.0769230769230769,0.7142857142857143,29,0,12,1,0.9047619047619048,KNOP-RandomForestClassifier-30
PROMISE,tomcat,6.41,pf,KNOP,RandomForestClassifier,20,0.36111,0.79846,0.12804,0.6645611973682145,0.2805755395683453,0.5064935064935064,0.8391608391608392,681,100,38,39,0.9790209790209792,KNOP-RandomForestClassifier-20
PROMISE,velocity-1.4,53.06,pf,KNORAU,RandomForestClassifier,40,0.13415,0.41219,0.12245,0.2562558939025491,0.6470588235294118,0.0748299319727891,0.2755102040816326,43,6,136,11,0.4642857142857143,KNORAU-RandomForestClassifier-40
PROMISE,velocity-1.5,30.37,pf,KNOP,RandomForestClassifier,20,0.12579,0.56367,0.09722,0.2521426180626859,0.5882352941176471,0.0704225352112676,0.3504672897196261,65,7,132,10,0.4953271028037383,KNOP-RandomForestClassifier-20
PROMISE,velocity-1.6,14.85,pf,KNORAU,RandomForestClassifier,50,0.17391,0.608,0.03974,0.3138291059800395,0.5714285714285714,0.1025641025641025,0.6681222707423581,145,6,70,8,0.8209606986899564,KNORAU-RandomForestClassifier-50
PROMISE,workflow,51.28,pf,KNOP,RandomForestClassifier,20,0.26087,0.58947,0.0,0.3872983346207417,1.0,0.15,0.5641025641025641,19,0,17,3,0.6410256410256411,KNOP-RandomForestClassifier-20
PROMISE,wspomaganiepi,22.22,pf,KNOP,RandomForestClassifier,70,0.15385,0.84722,0.0,0.2886751345948128,1.0,0.0833333333333333,0.3888888888888889,6,0,11,1,0.7777777777777778,KNOP-RandomForestClassifier-70
PROMISE,xalan-2.4,10.93,pf,KNOP,RandomForestClassifier,10,0.36937,0.7284,0.11582,0.5740701849000357,0.3660714285714285,0.3727272727272727,0.8063623789764869,542,71,69,41,0.9183955739972336,KNOP-RandomForestClassifier-10
PROMISE,xalan-2.5,36.99,pf,KNOP,RandomForestClassifier,10,0.32558,0.61604,0.10817,0.4399714036351641,0.6511627906976745,0.2170542635658914,0.5666251556662516,371,45,303,84,0.7185554171855542,KNOP-RandomForestClassifier-10
PROMISE,xalan-2.6,30.62,pf,KNORAU,RandomForestClassifier,30,0.35075,0.57007,0.0654,0.4623338675123405,0.752,0.2287104622871046,0.6067796610169491,443,31,317,94,0.847457627118644,KNORAU-RandomForestClassifier-30
PROMISE,xalan-2.7,72.61,pf,KNORAU,RandomForestClassifier,50,0.26306,0.62017,0.0,0.3891627698918965,1.0,0.1514476614699332,0.1617161716171617,11,0,762,136,0.5907590759075908,KNORAU-RandomForestClassifier-50
PROMISE,xerces-1.2,7.05,pf,KNORAU,RandomForestClassifier,50,0.23288,0.45494,0.15718,0.4492233247291858,0.2266666666666666,0.2394366197183098,0.7454545454545455,311,58,54,17,0.8681818181818182,KNORAU-RandomForestClassifier-50
PROMISE,xerces-1.3,5.96,pf,KNORAU,RandomForestClassifier,10,0.38028,0.75666,0.11979,0.586881033793125,0.3698630136986301,0.391304347826087,0.8057395143487859,338,46,42,27,0.8874172185430463,KNORAU-RandomForestClassifier-10
PROMISE,xerces-1.4,30.78,pf,KNORAU,RandomForestClassifier,10,0.29126,0.79451,0.01987,0.4101401607131726,0.9615384615384616,0.17162471395881,0.3792517006802721,148,3,362,75,0.5408163265306123,KNORAU-RandomForestClassifier-10
PROMISE,xerces-init,13.58,pf,KNORAU,RandomForestClassifier,40,0.35398,0.42284,0.18824,0.4591818545564032,0.5555555555555556,0.2597402597402597,0.5493827160493827,69,16,57,20,0.7222222222222222,KNORAU-RandomForestClassifier-40
PROMISE,zuzel,20.69,pf,KNORAU,RandomForestClassifier,20,0.66667,0.80529,0.0625,0.7104982000735064,0.875,0.5384615384615384,0.7586206896551724,15,1,6,7,0.8620689655172413,KNORAU-RandomForestClassifier-20
