bug,name,version,name.1,wmc,dit,noc,cbo,rfc,lcom,ca,ce,npm,lcom3,loc,dam,moa,mfa,cam,ic,cbm,amc,max_cc,avg_cc
1,lucene,2.4,org.apache.lucene.index.DocInverterPerThread,5,2,0,19,18,0,8,15,4,0.7857142859999999,84,0.0,7,0.5,0.4,0,0,14.4,3,1.2
3,lucene,2.4,org.apache.lucene.search.FuzzyQuery,10,3,0,13,41,7,1,12,9,0.638888889,286,0.5,0,0.72,0.28571428600000004,2,6,27.2,6,1.4
0,lucene,2.4,org.apache.lucene.search.QueryTermVector,10,1,0,4,38,0,0,4,9,0.38888888899999996,287,1.0,0,0.0,0.34,0,0,27.5,5,1.6
0,lucene,2.4,org.apache.lucene.index.ReadOnlySegmentReader,4,4,0,3,7,6,2,2,1,2.0,26,0.0,0,0.98125,0.5,2,3,5.5,3,1.25
10,lucene,2.4,org.apache.lucene.index.DirectoryIndexReader,25,2,2,20,82,160,5,18,8,0.881944444,596,0.833333333,5,0.768421053,0.197916667,2,8,22.36,3,1.08
0,lucene,2.4,org.apache.lucene.index.DocFieldConsumerPerThread,5,1,3,13,6,10,10,3,0,2.0,8,0.0,0,0.0,0.6,0,0,0.6,1,0.8
1,lucene,2.4,org.apache.lucene.index.FieldsWriter,13,1,0,13,61,0,4,9,0,0.881944444,553,0.333333333,3,0.0,0.179487179,0,0,40.61538462,4,1.0
3,lucene,2.4,org.apache.lucene.index.SegmentTermPositions,17,2,0,6,34,34,1,6,7,0.7222222220000001,323,0.7777777779999999,1,0.444444444,0.173611111,1,2,17.47058824,3,1.0
0,lucene,2.4,org.apache.lucene.index.MultipleTermPositions,13,1,0,8,36,58,1,7,13,0.791666667,191,1.0,2,0.0,0.201923077,0,0,13.38461538,1,0.9231
0,lucene,2.4,org.apache.lucene.index.TermDocs,8,1,0,30,8,28,28,2,8,2.0,8,0.0,0,0.0,0.3,0,0,0.0,1,1.0
0,lucene,2.4,org.apache.lucene.index.IntBlockPool,3,1,0,3,7,0,2,1,3,0.14285714300000002,125,0.14285714300000002,1,0.0,0.5555555560000001,0,0,38.33333333,3,1.6667
0,lucene,2.4,org.apache.lucene.store.ChecksumIndexInput,8,2,0,2,19,0,1,1,8,0.428571429,65,0.0,1,0.708333333,0.3,1,4,6.875,1,0.875
0,lucene,2.4,org.apache.lucene.index.DocConsumer,6,1,1,5,7,15,3,3,0,2.0,9,0.0,0,0.0,0.41666666700000005,0,0,0.5,1,0.8333
0,lucene,2.4,org.apache.lucene.index.TermsHashConsumerPerField,7,1,2,10,8,21,7,3,0,2.0,10,0.0,0,0.0,0.4,0,0,0.428571429,1,0.8571
1,lucene,2.4,org.apache.lucene.index.DocFieldProcessor,6,2,0,10,25,0,2,10,6,0.666666667,91,0.0,3,0.5,0.333333333,0,0,13.66666667,1,0.8333
1,lucene,2.4,org.apache.lucene.analysis.PerFieldAnalyzerWrapper,6,2,0,2,17,0,0,2,6,0.1,90,1.0,1,0.5,0.583333333,1,1,13.66666667,2,1.1667
1,lucene,2.4,org.apache.lucene.index.DocumentsWriterThreadState,2,1,0,7,5,0,4,5,1,0.833333333,57,0.0,3,0.0,0.75,0,0,24.5,1,0.5
10,lucene,2.4,org.apache.lucene.search.BooleanQuery,27,2,0,20,64,167,13,11,22,0.7615384620000001,446,1.0,0,0.333333333,0.102564103,2,6,15.33333333,12,1.5926
1,lucene,2.4,org.apache.lucene.analysis.WhitespaceTokenizer,2,4,0,2,4,1,1,1,1,2.0,13,0.0,0,0.923076923,0.666666667,1,1,5.5,2,1.0
0,lucene,2.4,org.apache.lucene.index.TermInfo,5,1,0,8,6,0,8,0,0,0.125,100,0.0,0,0.0,0.55,0,0,18.2,1,0.4
2,lucene,2.4,org.apache.lucene.index.Term,13,1,0,79,22,0,79,0,10,0.125,145,0.0,0,0.0,0.294871795,1,1,10.0,6,1.2308
0,lucene,2.4,org.apache.lucene.search.PrefixGenerator,2,1,2,7,16,0,2,5,1,0.0,66,1.0,1,0.0,0.666666667,0,0,31.5,1,0.5
4,lucene,2.4,org.apache.lucene.search.TermQuery,8,2,0,16,22,0,11,6,6,0.14285714300000002,100,1.0,1,0.6315789470000001,0.23214285699999998,2,2,11.375,4,1.375
4,lucene,2.4,org.apache.lucene.analysis.CharTokenizer,7,3,2,4,21,13,2,2,3,0.875,185,0.75,0,0.583333333,0.36666666700000006,1,2,24.28571429,1,0.7143
0,lucene,2.4,org.apache.lucene.index.CorruptIndexException,1,4,0,36,2,0,36,0,1,2.0,5,0.0,0,1.0,1.0,0,0,4.0,0,0.0
0,lucene,2.4,org.apache.lucene.queryParser.MultiFieldQueryParser,12,2,0,9,33,34,0,9,5,0.590909091,453,1.0,0,0.885057471,0.283333333,1,5,36.58333333,3,1.0
0,lucene,2.4,org.apache.lucene.search.ScoreDocComparator,4,1,0,16,6,6,15,3,3,1.0,15,0.0,2,0.0,0.833333333,0,0,2.25,1,0.75
2,lucene,2.4,org.apache.lucene.index.SnapshotDeletionPolicy,7,1,0,4,17,5,1,4,5,0.666666667,109,1.0,2,0.0,0.39285714299999996,0,0,14.14285714,2,1.2857
0,lucene,2.4,org.apache.lucene.index.TermsHashConsumerPerThread,5,1,2,11,6,10,8,4,2,2.0,8,0.0,0,0.0,0.46666666700000003,0,0,0.6,1,0.8
2,lucene,2.4,org.apache.lucene.store.Directory,20,1,3,57,36,176,52,5,19,0.894736842,193,0.5,1,0.0,0.291666667,0,0,8.55,1,0.95
4,lucene,2.4,org.apache.lucene.index.LogMergePolicy,21,2,2,10,47,108,3,8,15,0.9208333329999999,817,0.333333333,1,0.24,0.26875,0,0,37.33333333,2,1.0
1,lucene,2.4,org.apache.lucene.store.LockFactory,5,1,5,10,6,4,9,1,5,0.5,19,1.0,0,0.0,0.8,0,0,2.6,1,0.8
0,lucene,2.4,org.apache.lucene.analysis.LowerCaseFilter,4,3,0,4,14,4,1,3,2,0.833333333,74,0.0,0,0.7777777779999999,0.41666666700000005,1,2,17.0,1,0.5
3,lucene,2.4,org.apache.lucene.search.NonMatchingScorer,6,3,0,4,10,15,1,3,6,2.0,31,0.0,0,0.615384615,0.666666667,1,3,4.166666667,1,0.8333
0,lucene,2.4,org.apache.lucene.index.NormsWriterPerField,7,2,0,9,20,5,2,8,3,0.796296296,191,0.0,4,0.28571428600000004,0.27777777800000003,0,0,25.0,8,1.7143
0,lucene,2.4,org.apache.lucene.index.SerialMergeScheduler,3,2,0,5,6,3,1,4,3,2.0,18,0.0,0,0.5,0.666666667,0,0,5.0,1,0.6667
0,lucene,2.4,org.apache.lucene.search.TopFieldDocs,1,2,0,14,2,0,11,3,0,2.0,11,0.0,1,1.0,1.0,0,0,9.0,0,0.0
4,lucene,2.4,org.apache.lucene.search.spans.SpanWeight,7,1,1,13,46,0,2,12,7,0.69047619,357,1.0,2,0.0,0.30952381,0,0,49.0,1,0.8571
0,lucene,2.4,org.apache.lucene.document.Document,18,1,0,30,39,0,28,3,17,0.81372549,432,0.833333333,2,0.0,0.426470588,0,0,22.66666667,5,2.4444
1,lucene,2.4,org.apache.lucene.queryParser.CharStream,12,1,0,3,12,66,3,0,12,2.0,12,0.0,0,0.0,0.583333333,0,0,0.0,1,1.0
0,lucene,2.4,org.apache.lucene.search.PhrasePositions,5,1,0,5,12,0,4,1,0,0.6785714290000001,95,0.0,2,0.0,0.533333333,0,0,16.6,1,0.8
2,lucene,2.4,org.apache.lucene.search.SloppyPhraseScorer,5,4,0,8,20,0,2,6,0,0.625,389,1.0,2,0.833333333,0.325,1,1,76.0,5,2.0
6,lucene,2.4,org.apache.lucene.index.FieldInfos,23,1,0,31,57,203,25,6,18,0.9343434340000001,565,0.222222222,0,0.0,0.22173913,0,0,23.17391304,3,1.4783
0,lucene,2.4,org.apache.lucene.document.FieldSelector,1,1,0,19,1,0,18,1,1,2.0,1,0.0,0,0.0,1.0,0,0,0.0,1,1.0
0,lucene,2.4,org.apache.lucene.index.CompoundFileWriter,9,1,0,9,51,14,3,6,5,0.703125,414,0.75,2,0.0,0.303571429,0,0,44.11111111,4,1.0
0,lucene,2.4,org.apache.lucene.search.MultiSearcherThread,6,2,0,12,12,1,1,11,6,0.64,173,1.0,6,0.9215686270000001,0.35,0,0,26.16666667,6,1.5
5,lucene,2.4,org.apache.lucene.index.ParallelReader,35,2,0,16,103,317,3,16,28,0.81372549,865,0.8888888890000001,0,0.688679245,0.152380952,1,10,23.45714286,3,1.0571
2,lucene,2.4,org.apache.lucene.util.OpenBitSetDISI,8,3,0,2,23,26,0,2,6,0.9285714290000001,155,0.0,0,0.9137931029999999,0.5,0,0,18.125,1,0.625
0,lucene,2.4,org.apache.lucene.index.DocFieldProcessorPerField,2,1,0,5,5,0,1,5,2,1.166666667,31,0.0,4,0.0,0.666666667,0,0,11.5,1,0.5
0,lucene,2.4,org.apache.lucene.index.DocFieldConsumers,11,2,0,11,37,3,3,10,6,0.7571428570000001,281,0.0,3,0.4,0.2125,0,0,23.90909091,5,1.5455
0,lucene,2.4,org.apache.lucene.index.InvertedDocEndConsumerPerThread,5,1,1,8,6,10,6,3,0,2.0,8,0.0,0,0.0,0.46666666700000003,0,0,0.6,1,0.8
7,lucene,2.4,org.apache.lucene.search.FilteredQuery,9,2,0,10,26,0,3,8,8,0.3125,143,0.0,2,0.6,0.222222222,2,4,14.66666667,5,1.3333
1,lucene,2.4,org.apache.lucene.search.function.FloatFieldSource,7,3,0,7,21,9,2,6,6,0.7777777779999999,120,0.333333333,1,0.705882353,0.333333333,2,3,15.71428571,6,1.7143
0,lucene,2.4,org.apache.lucene.index.MergeScheduler,3,1,2,5,4,3,4,2,1,2.0,6,0.0,0,0.0,0.666666667,0,0,1.0,1,0.6667
4,lucene,2.4,org.apache.lucene.search.RangeQuery,12,2,0,9,39,0,1,8,11,0.454545455,480,1.0,2,0.545454545,0.229166667,2,2,38.66666667,13,2.6667
1,lucene,2.4,org.apache.lucene.search.FuzzyTermEnum,14,3,0,5,29,53,1,4,6,0.692307692,514,1.0,1,0.541666667,0.333333333,1,4,34.92857143,14,2.2857
1,lucene,2.4,org.apache.lucene.store.Lock,6,1,5,19,19,13,18,1,5,1.0,119,0.333333333,0,0.0,0.6,0,0,18.33333333,1,0.6667
0,lucene,2.4,org.apache.lucene.index.DocInverter,7,2,0,14,30,0,2,13,4,0.25,136,0.0,2,0.5,0.28571428600000004,0,0,18.14285714,1,0.8571
2,lucene,2.4,org.apache.lucene.search.spans.SpanFirstQuery,14,3,0,7,31,0,1,7,12,0.46153846200000004,182,1.0,1,0.566666667,0.19642857100000002,2,2,11.85714286,6,1.2857
1,lucene,2.4,org.apache.lucene.search.TopDocs,3,1,1,14,4,0,13,1,3,0.666666667,25,0.333333333,1,0.0,0.583333333,0,0,6.333333333,1,0.6667
1,lucene,2.4,org.apache.lucene.search.TopFieldDocCollector,3,3,0,11,13,1,1,10,3,1.0,88,1.0,1,0.666666667,0.533333333,1,3,28.0,3,1.6667
1,lucene,2.4,org.apache.lucene.search.Filter,3,1,6,28,5,3,25,3,3,2.0,15,0.0,0,0.0,0.833333333,0,0,4.0,1,0.6667
6,lucene,2.4,org.apache.lucene.search.FieldCache,13,1,0,17,14,78,11,8,12,1.041666667,20,0.0,1,0.0,0.42708333299999995,0,0,0.384615385,1,0.9231
2,lucene,2.4,org.apache.lucene.store.IndexInput,18,1,7,40,22,147,40,0,17,0.9215686270000001,314,1.0,0,0.0,0.25,0,0,16.27777778,1,0.9444
2,lucene,2.4,org.apache.lucene.search.function.DocValues,13,1,6,16,19,70,15,1,11,0.729166667,121,1.0,0,0.0,0.7692307690000001,0,0,8.0,2,1.0
2,lucene,2.4,org.apache.lucene.search.ExactPhraseScorer,2,4,0,8,9,1,2,6,0,2.0,64,0.0,0,0.9523809520000001,0.583333333,1,1,31.0,1,0.5
0,lucene,2.4,org.apache.lucene.index.DocFieldConsumersPerField,3,2,0,4,6,0,2,3,3,0.333333333,44,0.0,3,0.5,0.46666666700000003,0,0,12.66666667,3,1.3333
4,lucene,2.4,org.apache.lucene.search.FieldCacheImpl,14,1,1,23,29,67,10,22,12,0.897435897,199,0.333333333,12,0.0,0.403846154,0,0,12.35714286,1,0.8571
0,lucene,2.4,org.apache.lucene.document.LoadFirstFieldSelector,2,1,0,2,3,1,0,2,2,2.0,7,0.0,0,0.0,0.75,0,0,2.5,1,0.5
2,lucene,2.4,org.apache.lucene.index.SegmentInfo,36,1,0,23,77,92,18,5,8,0.776870748,1568,0.523809524,1,0.0,0.182857143,1,1,41.97222222,4,1.3056
0,lucene,2.4,org.apache.lucene.store.BufferedIndexInput,17,2,2,4,33,42,3,1,10,0.6953125,478,0.625,0,0.548387097,0.302083333,1,5,26.64705882,8,1.2941
0,lucene,2.4,org.apache.lucene.index.ReusableStringReader,5,2,0,2,8,8,2,0,3,0.5,90,0.0,0,0.7142857140000001,0.45,1,2,16.4,3,1.2
2,lucene,2.4,org.apache.lucene.index.IndexModifier,26,1,0,13,58,0,0,13,22,0.344,719,1.0,4,0.0,0.184615385,0,0,26.26923077,2,1.1538
0,lucene,2.4,org.apache.lucene.store.SimpleFSLock,5,2,0,3,19,0,1,2,5,0.375,100,0.0,0,0.5,0.46666666700000003,1,2,18.6,1,0.8
0,lucene,2.4,org.apache.lucene.index.DocFieldConsumerPerField,3,1,3,11,4,3,10,1,0,2.0,6,0.0,0,0.0,0.5555555560000001,0,0,1.0,1,0.6667
5,lucene,2.4,org.apache.lucene.search.Searchable,11,1,0,18,11,55,6,12,11,2.0,11,0.0,0,0.0,0.263636364,0,0,0.0,1,1.0
0,lucene,2.4,org.apache.lucene.index.SegmentTermPositionVector,4,2,0,4,5,0,1,3,3,0.666666667,65,0.666666667,1,0.7777777779999999,0.47619047600000003,0,0,14.5,4,2.0
2,lucene,2.4,org.apache.lucene.store.IndexOutput,19,1,3,29,25,167,26,3,18,0.962962963,343,1.0,1,0.0,0.25,0,0,16.89473684,1,0.8947
6,lucene,2.4,org.apache.lucene.search.function.CustomScoreQuery,20,2,0,9,46,102,2,8,16,0.578947368,454,1.0,2,0.413793103,0.128125,2,4,21.55,7,1.8
1,lucene,2.4,org.apache.lucene.analysis.WordlistLoader,4,1,0,2,17,6,2,0,4,2.0,147,0.0,0,0.0,0.333333333,0,0,35.75,1,0.75
1,lucene,2.4,org.apache.lucene.search.HitQueue,2,2,0,6,4,1,4,2,0,2.0,39,0.0,0,0.923076923,0.666666667,1,3,18.5,4,2.0
5,lucene,2.4,org.apache.lucene.analysis.KeywordTokenizer,6,3,0,3,18,7,1,2,4,0.85,112,0.5,0,0.7,0.4,1,2,17.0,1,0.5
0,lucene,2.4,org.apache.lucene.index.ByteSliceReader,13,2,0,8,22,38,5,3,10,0.658333333,447,0.0,1,0.607142857,0.214285714,1,4,32.61538462,8,2.3846
0,lucene,2.4,org.apache.lucene.index.TermBuffer,10,1,0,7,30,0,1,6,6,0.574074074,303,1.0,3,0.0,0.228571429,0,0,28.7,4,1.6
1,lucene,2.4,org.apache.lucene.index.TermFreqVector,6,1,0,14,6,15,14,0,6,2.0,6,0.0,0,0.0,0.375,0,0,0.0,1,1.0
0,lucene,2.4,org.apache.lucene.index.DocFieldConsumer,7,1,3,9,8,21,6,4,0,1.0,15,0.0,1,0.0,0.342857143,0,0,1.0,1,0.8571
0,lucene,2.4,org.apache.lucene.store.BufferedIndexOutput,10,2,1,2,12,17,1,1,8,0.5555555560000001,185,0.75,0,0.653846154,0.36,1,5,17.1,1,0.9
0,lucene,2.4,org.apache.lucene.index.IndexFileNames,4,1,0,5,10,4,5,0,0,1.243589744,298,0.0,0,0.0,0.444444444,0,0,67.0,4,1.75
11,lucene,2.4,org.apache.lucene.index.SegmentInfos,38,4,0,30,97,553,22,10,28,0.93799682,729,0.41176470600000004,1,0.686956522,0.162162162,1,2,17.73684211,6,1.2895
5,lucene,2.4,org.apache.lucene.document.Field,17,2,0,8,28,0,2,6,17,2.0,482,0.0,0,0.709677419,0.307189542,1,6,27.35294118,4,0.8824
1,lucene,2.4,org.apache.lucene.index.MultiLevelSkipListWriter,6,1,1,3,16,0,1,2,0,0.46666666700000003,178,1.0,1,0.0,0.611111111,0,0,28.16666667,3,1.3333
1,lucene,2.4,org.apache.lucene.index.StoredFieldsWriterPerField,5,2,0,10,23,6,1,10,2,0.8,185,0.0,3,0.4,0.333333333,0,0,35.0,1,0.6
0,lucene,2.4,org.apache.lucene.index.IndexDeletionPolicy,2,1,0,8,2,1,8,0,2,2.0,2,0.0,0,0.0,1.0,0,0,0.0,1,1.0
0,lucene,2.4,org.apache.lucene.analysis.LetterTokenizer,2,4,1,2,4,1,1,1,1,2.0,9,0.0,0,0.923076923,0.666666667,1,1,3.5,1,0.5
6,lucene,2.4,org.apache.lucene.search.MatchAllDocsQuery,6,2,0,7,14,15,3,5,5,2.0,57,0.0,0,0.705882353,0.333333333,2,3,8.5,3,1.1667
0,lucene,2.4,org.apache.lucene.index.TermVectorsTermsWriterPerThread,9,2,0,12,21,24,2,12,5,0.916666667,167,0.0,6,0.363636364,0.270833333,0,0,16.55555556,6,2.0
5,lucene,2.4,org.apache.lucene.search.spans.SpanOrQuery,12,3,0,10,43,0,4,7,11,0.454545455,292,1.0,0,0.607142857,0.226190476,2,2,23.16666667,7,1.6667
0,lucene,2.4,org.apache.lucene.index.InvertedDocConsumerPerField,5,1,1,7,6,10,5,2,0,2.0,8,0.0,0,0.0,0.4,0,0,0.6,1,0.8
1,lucene,2.4,org.apache.lucene.util.ToStringUtils,2,1,0,17,7,1,17,0,2,2.0,21,0.0,0,0.0,0.5,0,0,9.5,2,1.0
3,lucene,2.4,org.apache.lucene.search.WildcardQuery,4,3,0,8,12,4,1,7,3,0.666666667,55,1.0,0,0.857142857,0.5,1,1,12.5,2,1.0
0,lucene,2.4,org.apache.lucene.analysis.standard.StandardTokenizerImpl,25,1,0,3,35,196,2,2,10,0.968495935,729,0.707317073,0,0.0,0.214285714,0,0,26.52,3,1.28
4,lucene,2.4,org.apache.lucene.search.spans.NearSpansOrdered,17,1,0,7,53,38,3,6,9,0.767857143,725,0.857142857,3,0.0,0.197916667,0,0,40.82352941,6,1.5294
0,lucene,2.4,org.apache.lucene.store.ChecksumIndexOutput,11,2,0,2,25,0,1,1,11,0.35,98,0.0,1,0.62962963,0.24242424199999998,1,5,7.727272727000001,1,0.9091
2,lucene,2.4,org.apache.lucene.document.DateField,8,1,0,1,25,22,1,0,6,0.428571429,126,1.0,0,0.0,0.17857142899999998,0,0,14.625,5,1.375
1,lucene,2.4,org.apache.lucene.search.FieldDoc,2,2,0,4,3,1,3,1,2,1.0,16,0.0,0,0.0,0.875,0,0,6.5,0,0.0
1,lucene,2.4,org.apache.lucene.queryParser.TokenMgrError,6,3,0,2,19,15,2,0,4,1.12,184,0.0,0,0.8125,0.5,1,1,28.83333333,14,2.8333
0,lucene,2.4,org.apache.lucene.index.DocConsumerPerThread,3,1,1,6,4,3,5,1,0,2.0,6,0.0,0,0.0,1.0,0,0,1.0,1,0.6667
4,lucene,2.4,org.apache.lucene.index.SegmentMerger,23,1,0,31,128,39,4,30,0,0.812937063,1901,0.884615385,10,0.0,0.169421488,0,0,80.52173913,6,1.087
0,lucene,2.4,org.apache.lucene.analysis.SinkTokenizer,10,3,0,3,23,0,1,2,8,0.75,143,0.5,0,0.538461538,0.288888889,2,2,12.9,2,0.7
9,lucene,2.4,org.apache.lucene.index.DocumentsWriter,76,1,0,53,185,1998,18,46,0,0.9412021859999999,2835,0.409836066,12,0.0,0.06986666700000001,0,0,35.5,23,2.0132
1,lucene,2.4,org.apache.lucene.search.CachingSpanFilter,8,3,0,4,21,8,0,4,7,0.28571428600000004,116,1.0,1,0.3,0.4375,2,2,13.25,2,1.0
0,lucene,2.4,org.apache.lucene.index.TermVectorEntryFreqSortedComparator,2,1,0,1,7,1,0,1,2,2.0,37,0.0,0,0.0,0.75,0,0,17.5,3,1.5
4,lucene,2.4,org.apache.lucene.analysis.Tokenizer,4,2,4,10,6,0,9,1,2,0.333333333,22,1.0,0,0.7142857140000001,0.75,0,0,4.25,1,0.5
0,lucene,2.4,org.apache.lucene.LucenePackage,3,1,0,0,8,3,0,0,1,1.0,27,0.0,0,0.0,0.333333333,0,0,7.666666667,2,1.0
0,lucene,2.4,org.apache.lucene.index.RawPostingList,1,1,2,12,2,0,12,0,0,2.0,8,0.0,0,0.0,1.0,0,0,3.0,0,0.0
1,lucene,2.4,org.apache.lucene.search.ComplexExplanation,6,2,0,11,18,9,10,1,5,0.2,65,1.0,0,0.7333333329999999,0.333333333,1,1,9.666666667000001,3,1.1667
0,lucene,2.4,org.apache.lucene.search.Hit,8,1,0,4,19,2,1,3,6,0.17857142899999998,116,1.0,2,0.0,0.34375,0,0,13.0,2,1.0
0,lucene,2.4,org.apache.lucene.util.Parameter,6,1,5,5,18,5,5,0,1,0.6,88,0.5,0,0.0,0.7,0,0,13.33333333,1,0.5
2,lucene,2.4,org.apache.lucene.search.spans.NearSpansUnordered,21,1,0,6,54,98,3,6,9,0.765,509,1.0,5,0.0,0.204081633,0,0,22.76190476,3,1.2857
1,lucene,2.4,org.apache.lucene.document.Fieldable,24,1,0,20,24,276,19,1,24,2.0,24,0.0,0,0.0,0.291666667,0,0,0.0,1,1.0
4,lucene,2.4,org.apache.lucene.util.Constants,2,1,0,1,5,1,1,0,0,1.0,44,0.0,0,0.0,1.0,0,0,17.0,0,0.0
5,lucene,2.4,org.apache.lucene.search.MultiTermQuery,7,2,2,10,27,1,2,8,6,0.333333333,136,1.0,1,0.666666667,0.342857143,2,3,18.28571429,5,1.5714
1,lucene,2.4,org.apache.lucene.queryParser.Token,7,1,0,4,8,19,4,0,7,0.979166667,49,0.0,2,0.0,0.523809524,0,0,4.8571428569999995,2,0.7143
0,lucene,2.4,org.apache.lucene.search.QueryFilter,3,3,0,4,7,3,0,4,3,2.0,20,0.0,0,0.7777777779999999,0.5555555560000001,2,3,5.666666667,1,0.6667
0,lucene,2.4,org.apache.lucene.index.FieldSortedTermVectorMapper,6,2,0,3,12,3,0,3,6,0.6,69,1.0,0,0.5555555560000001,0.380952381,0,0,9.833333332999999,1,0.6667
5,lucene,2.4,org.apache.lucene.search.ParallelMultiSearcher,6,3,0,16,33,3,1,16,6,0.4,297,1.0,1,0.88372093,0.351851852,2,3,48.16666667,1,0.8333
1,lucene,2.4,org.apache.lucene.search.ConjunctionScorer,9,3,1,6,21,2,3,4,7,0.475,278,1.0,1,0.533333333,0.355555556,1,3,29.33333333,1,0.7778
0,lucene,2.4,org.apache.lucene.util.SmallFloat,7,1,0,1,10,21,1,0,7,2.0,155,0.0,0,0.0,0.321428571,0,0,21.14285714,4,2.5714
0,lucene,2.4,org.apache.lucene.store.NativeFSLock,7,2,0,3,32,1,1,2,6,0.583333333,346,1.0,0,0.444444444,0.444444444,1,2,47.57142857,2,0.8571
5,lucene,2.4,org.apache.lucene.index.IndexFileDeleter,20,1,0,12,77,64,3,10,5,0.71291866,1021,0.818181818,3,0.0,0.205263158,0,0,49.5,2,1.0
2,lucene,2.4,org.apache.lucene.index.TermVectorsTermsWriter,15,2,0,17,58,37,4,17,4,0.7792207790000001,751,0.0,6,0.35,0.19047619,0,0,48.33333333,5,1.5333
2,lucene,2.4,org.apache.lucene.index.TermInfosReader,19,1,0,14,45,79,2,12,6,0.7094017090000001,629,1.0,7,0.0,0.25,0,0,31.42105263,4,1.1053
0,lucene,2.4,org.apache.lucene.search.RemoteSearchable_Stub,14,3,0,13,24,69,0,13,12,0.963369963,723,0.571428571,0,0.454545455,0.205128205,0,0,49.14285714,1,0.8571
0,lucene,2.4,org.apache.lucene.store.LockStressTest,2,1,0,6,22,1,0,6,2,2.0,172,0.0,0,0.0,0.5,0,0,85.0,1,0.5
3,lucene,2.4,org.apache.lucene.index.MergePolicy,7,1,1,6,9,21,2,5,1,2.0,15,0.0,0,0.0,0.428571429,0,0,1.142857143,1,0.8571
0,lucene,2.4,org.apache.lucene.index.NormsWriterPerThread,6,2,0,8,8,15,2,8,1,1.0,30,0.0,2,0.444444444,0.333333333,0,0,3.666666667,1,0.8333
0,lucene,2.4,org.apache.lucene.index.KeepOnlyLastCommitDeletionPolicy,3,1,0,4,7,3,2,2,3,2.0,28,0.0,0,0.0,0.833333333,0,0,8.333333332999999,2,1.0
5,lucene,2.4,org.apache.lucene.search.DocIdSet,2,1,3,16,3,1,15,1,2,2.0,5,0.0,0,0.0,1.0,0,0,1.5,1,0.5
0,lucene,2.4,org.apache.lucene.search.HitDoc,1,1,0,2,2,0,1,1,0,2.0,18,0.0,3,0.0,1.0,0,0,12.0,0,0.0
0,lucene,2.4,org.apache.lucene.document.SetBasedFieldSelector,2,1,0,2,4,0,0,2,2,0.0,33,1.0,0,0.0,0.666666667,0,0,14.5,3,1.5
1,lucene,2.4,org.apache.lucene.search.Explanation,13,1,1,41,21,64,41,0,11,0.611111111,197,1.0,0,0.0,0.292307692,0,0,13.92307692,4,1.4615
2,lucene,2.4,org.apache.lucene.search.spans.Spans,5,1,0,17,5,10,17,0,5,2.0,5,0.0,0,0.0,0.6,0,0,0.0,1,1.0
1,lucene,2.4,org.apache.lucene.index.SegmentMergeInfo,5,1,0,7,14,0,3,4,0,0.75,108,0.333333333,4,0.0,0.4,0,0,19.4,5,1.6
2,lucene,2.4,org.apache.lucene.util.OpenBitSetIterator,7,2,0,2,10,5,1,2,5,0.583333333,1311,1.0,0,0.428571429,0.41666666700000005,0,0,185.1428571,5,2.1429
0,lucene,2.4,org.apache.lucene.index.ByteBlockPool,6,1,0,5,12,0,4,1,5,0.44,387,0.2,1,0.0,0.4,0,0,61.83333333,4,1.6667
0,lucene,2.4,org.apache.lucene.store.LockVerifyServer,3,1,0,0,25,3,0,0,2,2.0,165,0.0,0,0.0,0.333333333,0,0,54.0,1,0.6667
0,lucene,2.4,org.apache.lucene.index.ByteSliceWriter,8,1,0,1,15,4,0,1,6,0.5476190479999999,240,0.5,1,0.0,0.30952381,0,0,28.25,8,2.75
0,lucene,2.4,org.apache.lucene.index.CompoundFileReader,16,2,0,9,40,70,2,7,16,0.72,267,1.0,2,0.575757576,0.5,1,5,15.375,1,0.875
0,lucene,2.4,org.apache.lucene.index.TermsHash,13,2,0,14,52,0,3,14,5,0.7638888890000001,584,0.333333333,5,0.352941176,0.179487179,0,0,43.0,20,3.3077
2,lucene,2.4,org.apache.lucene.document.FieldSelectorResult,4,1,0,7,6,0,7,0,2,0.875,83,0.125,7,0.0,0.5555555560000001,1,1,17.75,5,1.5
5,lucene,2.4,org.apache.lucene.search.QueryWrapperFilter,6,2,0,10,20,0,3,9,6,0.0,84,1.0,1,0.28571428600000004,0.41666666700000005,2,2,12.83333333,2,1.0
2,lucene,2.4,org.apache.lucene.analysis.StopAnalyzer,8,2,0,9,18,0,2,8,7,0.5,228,0.5,0,0.7142857140000001,0.35714285700000004,1,2,27.25,1,0.25
0,lucene,2.4,org.apache.lucene.index.PositionBasedTermVectorMapper,6,2,0,3,15,11,0,3,6,0.85,110,1.0,0,0.5555555560000001,0.38888888899999996,0,0,16.66666667,4,1.5
2,lucene,2.4,org.apache.lucene.search.ReqOptSumScorer,6,3,0,4,15,0,1,3,6,0.46666666700000003,113,1.0,2,0.615384615,0.5,1,3,17.33333333,1,0.8333
0,lucene,2.4,org.apache.lucene.index.TermVectorsReader,23,1,0,12,66,99,3,9,2,0.847593583,1164,0.470588235,4,0.0,0.231404959,0,0,48.86956522,2,0.8696
3,lucene,2.4,org.apache.lucene.document.NumberTools,4,1,0,0,18,0,0,0,3,1.166666667,127,0.5,0,0.0,0.333333333,0,0,29.25,6,2.5
0,lucene,2.4,org.apache.lucene.index.TermVectorEntry,13,1,0,4,22,32,3,1,10,0.783333333,135,0.8,1,0.0,0.269230769,1,1,9.0,7,1.3846
0,lucene,2.4,org.apache.lucene.analysis.ISOLatin1AccentFilter,5,3,0,3,15,2,0,3,3,0.75,708,0.5,0,0.7,0.333333333,1,2,139.8,79,16.2
2,lucene,2.4,org.apache.lucene.index.ConcurrentMergeScheduler,25,2,0,7,63,208,2,7,11,0.8942307690000001,531,0.7692307690000001,2,0.08,0.17857142899999998,0,0,19.72,4,1.52
0,lucene,2.4,org.apache.lucene.util.cache.SimpleLRUCache,2,3,0,3,5,0,2,2,1,1.0,33,1.0,0,0.923076923,0.5,1,4,14.5,1,0.5
1,lucene,2.4,org.apache.lucene.search.RemoteCachingWrapperFilter,3,2,0,4,8,0,0,4,3,0.0,28,1.0,1,0.5,0.666666667,1,1,8.0,1,0.6667
2,lucene,2.4,org.apache.lucene.util.BitUtil,15,1,0,1,16,99,1,0,14,0.857142857,3574,0.0,0,0.0,0.33928571399999996,0,0,237.2,8,3.3333
7,lucene,2.4,org.apache.lucene.index.CheckIndex,13,1,0,15,96,60,0,15,8,0.7638888890000001,1498,0.5,1,0.0,0.1875,0,0,113.7692308,3,1.0769
0,lucene,2.4,org.apache.lucene.store.RAMFile,11,1,0,3,17,19,3,1,0,0.833333333,133,0.5,1,0.0,0.386363636,0,0,10.54545455,2,0.9091
0,lucene,2.4,org.apache.lucene.store.NoLock,5,2,0,2,6,10,1,1,4,2.0,15,0.0,0,0.5,1.0,1,2,2.0,1,0.8
0,lucene,2.4,org.apache.lucene.store.LockObtainFailedException,1,4,0,8,2,0,8,0,1,2.0,5,0.0,0,1.0,1.0,0,0,4.0,0,0.0
2,lucene,2.4,org.apache.lucene.search.Sort,14,1,0,12,22,61,11,1,13,0.692307692,175,0.0,3,0.0,0.320512821,0,0,11.28571429,3,0.7143
1,lucene,2.4,org.apache.lucene.index.StoredFieldsWriterPerThread,5,2,0,12,10,2,2,12,5,0.8125,74,0.0,4,0.5,0.4,0,0,13.0,3,1.6
30,lucene,2.4,org.apache.lucene.index.IndexWriter,166,1,0,44,392,6747,16,34,88,0.8865375059999999,8474,0.7377049179999999,12,0.0,0.07003367,0,0,49.68072289,7,1.3795
1,lucene,2.4,org.apache.lucene.search.ConstantScoreRangeQuery,11,2,0,6,27,0,1,5,11,0.45,348,1.0,0,0.571428571,0.287878788,2,3,30.09090909,15,3.0909
1,lucene,2.4,org.apache.lucene.analysis.WhitespaceAnalyzer,3,2,0,4,8,3,0,4,3,2.0,31,0.0,0,0.7142857140000001,0.7777777779999999,1,2,9.333333332999999,1,0.6667
2,lucene,2.4,org.apache.lucene.util.ArrayUtil,14,1,0,9,16,91,9,0,14,2.0,228,0.0,0,0.0,0.261904762,0,0,15.28571429,2,1.6429
0,lucene,2.4,org.apache.lucene.index.MultiLevelSkipListReader,10,1,1,4,22,0,1,3,1,0.611111111,481,1.0,1,0.0,0.5,0,0,45.7,2,1.0
3,lucene,2.4,org.apache.lucene.store.RAMDirectory,16,2,0,9,41,2,1,9,15,0.577777778,386,0.333333333,0,0.6333333329999999,0.3625,1,6,22.9375,2,0.8125
1,lucene,2.4,org.apache.lucene.index.DocFieldProcessorPerThread,9,2,0,22,46,0,9,16,4,0.836538462,770,0.0,6,0.222222222,0.23214285699999998,1,1,83.11111111,12,3.6667
0,lucene,2.4,org.apache.lucene.index.TermsHashConsumer,8,1,2,9,9,28,5,5,0,1.0,16,0.0,1,0.0,0.267857143,0,0,0.875,1,0.875
3,lucene,2.4,org.apache.lucene.search.spans.SpanQuery,6,2,5,20,8,15,14,7,5,2.0,17,0.0,0,0.705882353,0.5,1,1,1.8333333330000001,1,0.8333
0,lucene,2.4,org.apache.lucene.search.FilteredTermEnum,9,2,2,7,14,8,5,2,6,0.5,103,1.0,2,0.384615385,0.40740740700000005,1,2,10.22222222,2,1.0
7,lucene,2.4,org.apache.lucene.index.MultiSegmentReader,37,3,1,22,95,0,4,20,21,0.71031746,1118,1.0,1,0.7307692309999999,0.126689189,2,11,29.02702703,6,1.2973
3,lucene,2.4,org.apache.lucene.queryParser.QueryParser,81,1,1,34,168,2716,1,33,44,0.908333333,3477,0.571428571,12,0.0,0.093421053,0,0,41.40740741,23,2.1852
1,lucene,2.4,org.apache.lucene.index.TermVectorsTermsWriterPerField,11,2,0,19,40,17,2,19,2,0.775,599,0.0,6,0.4,0.222222222,0,0,52.36363636,15,2.8182
23,lucene,2.4,org.apache.lucene.index.SegmentReader,64,3,1,39,183,1464,13,33,28,0.903737839,2234,0.580645161,13,0.6050955410000001,0.139194139,2,15,33.421875,30,1.6719
1,lucene,2.4,org.apache.lucene.analysis.SimpleAnalyzer,3,2,0,5,8,3,1,4,3,2.0,31,0.0,0,0.7142857140000001,0.7777777779999999,1,2,9.333333332999999,1,0.6667
3,lucene,2.4,org.apache.lucene.search.FieldSortedHitQueue,20,2,0,22,62,172,2,21,5,0.855263158,438,0.75,3,0.4,0.245614035,1,4,20.7,7,1.25
0,lucene,2.4,org.apache.lucene.search.FieldDocSortedHitQueue,5,2,0,6,25,0,3,3,0,0.375,378,0.0,1,0.75,0.5,1,3,74.2,26,6.6
1,lucene,2.4,org.apache.lucene.search.function.FieldCacheSource,8,2,4,8,11,8,4,4,8,0.428571429,54,1.0,0,0.41666666700000005,0.3125,2,2,5.625,4,1.25
1,lucene,2.4,org.apache.lucene.search.HitCollector,2,1,7,23,3,1,23,0,2,2.0,5,0.0,0,0.0,0.666666667,0,0,1.5,1,0.5
0,lucene,2.4,org.apache.lucene.index.FreqProxTermsWriterPerField,13,2,0,13,25,46,3,11,3,0.833333333,364,0.0,5,0.352941176,0.196969697,0,0,26.30769231,14,2.4615
0,lucene,2.4,org.apache.lucene.util.cache.Cache,7,1,2,5,9,21,5,1,6,2.0,18,0.0,0,0.0,0.47619047600000003,0,0,1.571428571,1,0.8571
4,lucene,2.4,org.apache.lucene.search.spans.SpanNotQuery,14,3,0,7,32,0,1,7,12,0.423076923,224,1.0,2,0.566666667,0.214285714,2,2,14.85714286,6,1.2857
0,lucene,2.4,org.apache.lucene.analysis.standard.StandardFilter,4,3,0,5,15,4,1,4,2,0.75,133,0.5,0,0.7777777779999999,0.41666666700000005,1,2,31.25,1,0.5
6,lucene,2.4,org.apache.lucene.search.ConstantScoreQuery,8,2,0,8,19,8,3,6,7,0.428571429,93,1.0,1,0.6315789470000001,0.25,2,3,10.5,5,1.5
2,lucene,2.4,org.apache.lucene.search.RemoteSearchable,13,4,0,14,31,0,0,14,13,0.0,120,1.0,1,0.6,0.205128205,0,0,8.153846154,1,0.9231
2,lucene,2.4,org.apache.lucene.index.FilterIndexReader,28,2,0,12,57,0,0,12,23,0.0,200,1.0,1,0.73,0.185714286,1,9,6.107142857,1,0.9643
5,lucene,2.4,org.apache.lucene.document.DateTools,8,1,0,2,27,18,1,1,6,0.428571429,567,1.0,0,0.0,0.314285714,0,0,68.875,8,2.5
5,lucene,2.4,org.apache.lucene.store.NIOFSDirectory,3,3,0,3,11,3,1,3,2,1.5,30,0.0,0,0.958333333,0.5555555560000001,1,1,8.666666667000001,1,0.6667
0,lucene,2.4,org.apache.lucene.index.SegmentMergeQueue,3,2,0,5,9,3,2,3,0,2.0,47,0.0,0,0.857142857,0.5555555560000001,1,3,14.66666667,4,1.6667
3,lucene,2.4,org.apache.lucene.index.DocInverterPerField,3,2,0,21,37,0,8,16,2,0.333333333,340,0.333333333,6,0.5,0.46666666700000003,0,0,110.33333329999999,1,0.6667
0,lucene,2.4,org.apache.lucene.index.Payload,14,1,0,4,22,0,3,1,14,0.23076923100000002,227,1.0,0,0.0,0.428571429,1,1,15.0,6,1.5
0,lucene,2.4,org.apache.lucene.store.VerifyingLockFactory,3,2,0,4,7,0,2,3,3,0.75,36,0.0,1,0.666666667,0.6,0,0,9.666666667000001,1,0.6667
0,lucene,2.4,org.apache.lucene.index.FreqProxTermsWriterPerThread,5,2,0,10,7,10,3,8,3,1.0,28,0.0,2,0.5,0.4,0,0,4.2,1,0.8
3,lucene,2.4,org.apache.lucene.search.spans.TermSpans,10,1,0,6,25,0,3,3,10,0.703703704,180,1.0,2,0.0,0.325,0,0,16.4,3,1.1
2,lucene,2.4,org.apache.lucene.search.ExtendedFieldCache,5,1,0,6,6,10,2,5,4,1.0,11,0.0,1,0.0,0.7,0,0,1.0,1,0.8
0,lucene,2.4,org.apache.lucene.index.TermsHashPerField,20,2,0,23,47,0,10,16,7,0.7850877190000001,1605,0.291666667,11,0.181818182,0.15789473699999998,0,0,78.05,12,3.75
5,lucene,2.4,org.apache.lucene.index.MultiReader,33,2,0,16,69,0,0,16,24,0.7109375,801,1.0,1,0.701923077,0.170798898,1,9,23.03030303,4,1.1212
0,lucene,2.4,org.apache.lucene.index.StaleReaderException,1,4,0,3,2,0,3,0,1,2.0,5,0.0,0,1.0,1.0,0,0,4.0,0,0.0
3,lucene,2.4,org.apache.lucene.search.spans.SpanScorer,7,3,1,7,25,0,2,5,5,0.520833333,190,1.0,2,0.571428571,0.30952381,1,3,25.0,1,0.8571
5,lucene,2.4,org.apache.lucene.search.spans.SpanNearQuery,13,3,0,10,48,0,3,9,13,0.583333333,359,1.0,0,0.5862068970000001,0.21153846199999998,2,2,26.30769231,7,1.6923
0,lucene,2.4,org.apache.lucene.index.NormsWriter,9,2,0,13,46,32,2,12,3,0.90625,409,0.5,1,0.41666666700000005,0.25,0,0,44.0,1,0.7778
0,lucene,2.4,org.apache.lucene.index.DefaultSkipListWriter,4,2,0,4,10,0,2,2,0,0.484848485,182,1.0,2,0.625,0.625,1,1,41.75,2,1.25
1,lucene,2.4,org.apache.lucene.index.BufferedDeletes,5,1,0,5,30,0,1,4,0,0.1875,227,0.0,0,0.0,0.3,0,0,43.6,7,2.6
1,lucene,2.4,org.apache.lucene.queryParser.QueryParserTokenManager,35,1,0,5,51,253,1,4,7,0.7198142409999999,3060,0.21052631600000002,1,0.0,0.405882353,0,0,85.88571429,112,7.8286
1,lucene,2.4,org.apache.lucene.search.SortComparator,3,1,0,7,7,3,4,5,2,2.0,21,0.0,0,0.0,0.666666667,0,0,6.0,1,0.6667
6,lucene,2.4,org.apache.lucene.search.function.ValueSourceQuery,7,2,1,11,20,9,5,7,6,0.5,74,0.0,1,0.666666667,0.265306122,2,3,9.428571429,4,1.2857
1,lucene,2.4,org.apache.lucene.index.TermEnum,6,1,5,38,8,15,37,1,6,2.0,21,0.0,0,0.0,0.583333333,0,0,2.5,1,0.8333
0,lucene,2.4,org.apache.lucene.util.cache.SimpleMapCache,8,2,2,3,15,8,2,2,7,0.28571428600000004,48,0.0,0,0.5,0.5,1,1,4.875,1,0.75
0,lucene,2.4,org.apache.lucene.search.PrefixFilter,5,2,0,7,17,0,2,7,5,0.0,71,1.0,1,0.333333333,0.533333333,1,1,13.0,1,0.8
1,lucene,2.4,org.apache.lucene.index.TermVectorsWriter,6,1,0,13,42,0,2,11,2,0.628571429,599,0.571428571,5,0.0,0.3,0,0,97.66666667,1,0.6667
4,lucene,2.4,org.apache.lucene.search.TermScorer,9,3,0,10,31,0,1,9,7,0.545454545,409,1.0,2,0.5,0.28571428600000004,1,3,43.22222222,2,1.0
1,lucene,2.4,org.apache.lucene.search.function.FieldScoreQuery,2,3,0,7,12,1,0,7,1,2.0,52,0.0,0,0.947368421,0.833333333,0,0,25.0,5,2.5
1,lucene,2.4,org.apache.lucene.search.function.ShortFieldSource,7,3,0,7,21,9,2,6,6,0.7777777779999999,120,0.333333333,1,0.705882353,0.333333333,2,3,15.71428571,6,1.7143
4,lucene,2.4,org.apache.lucene.index.FieldsReader,25,1,0,19,77,170,3,17,0,0.810897436,1041,0.846153846,5,0.0,0.208333333,0,0,40.12,5,1.2
1,lucene,2.4,org.apache.lucene.util.PriorityQueue,13,1,9,12,14,8,12,0,9,0.444444444,293,1.0,0,0.0,0.46153846200000004,0,0,21.30769231,7,2.0769
5,lucene,2.4,org.apache.lucene.search.Query,13,1,15,54,39,72,51,7,12,0.833333333,249,1.0,0,0.0,0.23076923100000002,0,0,18.07692308,9,1.8462
3,lucene,2.4,org.apache.lucene.search.FilterManager,5,1,0,5,18,4,4,3,4,0.8214285709999999,112,1.0,2,0.0,0.35,0,0,20.0,2,1.2
4,lucene,2.4,org.apache.lucene.search.Similarity,17,1,2,53,26,124,51,4,16,0.875,94,1.0,1,0.0,0.18125,0,0,4.4117647060000005,1,0.8824
3,lucene,2.4,org.apache.lucene.search.PrefixQuery,6,2,0,9,28,0,1,8,6,0.0,149,1.0,1,0.705882353,0.333333333,2,3,23.66666667,4,1.5
4,lucene,2.4,org.apache.lucene.analysis.standard.StandardTokenizer,12,3,0,5,32,10,3,3,9,0.977272727,245,0.1875,1,0.4375,0.287878788,2,3,18.08333333,1,0.75
0,lucene,2.4,org.apache.lucene.index.SortedTermVectorMapper,5,2,0,3,19,2,0,3,5,0.7,188,0.8,0,0.625,0.428571429,0,0,35.6,18,4.0
1,lucene,2.4,org.apache.lucene.search.function.ByteFieldSource,7,3,0,7,21,9,2,6,6,0.7777777779999999,120,0.333333333,1,0.705882353,0.333333333,2,3,15.71428571,6,1.7143
0,lucene,2.4,org.apache.lucene.search.function.OrdFieldSource,7,2,0,6,21,0,1,6,5,0.666666667,90,0.666666667,0,0.5,0.375,2,2,11.42857143,3,1.0
0,lucene,2.4,org.apache.lucene.document.MapFieldSelector,4,1,0,2,10,0,0,2,4,0.0,83,0.0,0,0.0,0.4,0,0,19.5,2,0.5
0,lucene,2.4,org.apache.lucene.analysis.PorterStemmer,27,1,0,1,44,13,1,0,13,0.600961538,1158,1.0,0,0.0,0.25308642,0,0,41.59259259,26,5.6667
0,lucene,2.4,org.apache.lucene.index.TermPositions,4,1,0,25,4,6,24,1,4,2.0,4,0.0,0,0.0,0.5,0,0,0.0,1,1.0
2,lucene,2.4,org.apache.lucene.util.DocIdBitSet,4,2,0,4,9,0,2,3,3,0.833333333,31,0.5,0,0.25,0.41666666700000005,0,0,6.25,1,0.75
7,lucene,2.4,org.apache.lucene.analysis.TokenStream,7,1,2,28,17,19,26,2,5,0.833333333,72,0.0,0,0.0,0.38888888899999996,0,0,9.0,1,0.7143
1,lucene,2.4,org.apache.lucene.search.SpanQueryFilter,8,3,0,8,29,0,0,8,7,0.14285714300000002,118,1.0,1,0.333333333,0.375,1,1,13.625,3,1.0
2,lucene,2.4,org.apache.lucene.search.RangeFilter,9,2,0,8,38,0,1,7,9,0.083333333,695,1.0,0,0.222222222,0.314814815,2,2,75.55555556,14,3.2222
0,lucene,2.4,org.apache.lucene.search.IdGenerator,2,1,0,2,2,1,1,1,2,2.0,2,0.0,0,0.0,0.666666667,0,0,0.0,1,1.0
0,lucene,2.4,org.apache.lucene.search.function.ReverseOrdFieldSource,7,2,0,6,21,0,1,6,5,0.666666667,97,0.333333333,0,0.5,0.375,2,2,12.42857143,3,1.0
2,lucene,2.4,org.apache.lucene.search.ReqExclScorer,7,3,0,4,16,0,1,3,6,0.333333333,179,1.0,2,0.571428571,0.47619047600000003,1,3,24.14285714,1,0.8571
0,lucene,2.4,org.apache.lucene.analysis.PorterStemFilter,4,3,0,4,18,2,0,4,2,0.7777777779999999,78,0.333333333,1,0.7777777779999999,0.41666666700000005,1,2,17.75,1,0.5
1,lucene,2.4,org.apache.lucene.index.TermInfosWriter,11,1,0,10,44,1,2,8,0,0.719047619,658,0.523809524,7,0.0,0.36666666700000006,0,0,56.90909091,7,1.2727
0,lucene,2.4,org.apache.lucene.index.DefaultSkipListReader,8,2,0,3,15,0,1,2,0,0.571428571,158,1.0,0,0.5625,0.425,1,3,17.875,1,0.875
5,lucene,2.4,org.apache.lucene.search.MultiSearcher,16,2,1,22,53,0,2,21,14,0.46666666700000003,577,1.0,1,0.605263158,0.23125,1,5,34.875,6,1.25
0,lucene,2.4,org.apache.lucene.index.SegmentTermEnum,13,2,0,11,39,0,4,7,4,0.761111111,394,0.533333333,6,0.294117647,0.21153846199999998,1,2,28.15384615,1,0.9231
4,lucene,2.4,org.apache.lucene.search.MultiPhraseQuery,17,2,0,13,48,12,4,10,13,0.625,413,1.0,0,0.428571429,0.158823529,2,4,23.05882353,7,2.0588
2,lucene,2.4,org.apache.lucene.util.CloseableThreadLocal,7,1,0,4,27,7,4,0,4,0.708333333,135,0.5,0,0.0,0.38888888899999996,0,0,17.71428571,5,1.4286
2,lucene,2.4,org.apache.lucene.util.SortedVIntList,16,2,0,5,26,80,2,5,8,0.8666666670000001,207,0.857142857,0,0.083333333,0.214285714,0,0,11.5,2,0.75
0,lucene,2.4,org.apache.lucene.index.InvertedDocEndConsumer,6,1,1,7,7,15,4,4,0,2.0,9,0.0,0,0.0,0.36666666700000006,0,0,0.5,1,0.8333
0,lucene,2.4,org.apache.lucene.index.ParallelArrayTermVectorMapper,4,2,0,6,7,0,1,5,3,0.45833333299999995,123,1.0,1,0.625,0.45833333299999995,0,0,27.75,5,2.75
2,lucene,2.4,org.apache.lucene.search.DisjunctionSumScorer,12,3,1,7,37,0,2,5,9,0.454545455,357,1.0,1,0.444444444,0.41666666700000005,1,3,28.08333333,1,0.8333
0,lucene,2.4,org.apache.lucene.queryParser.QueryParserConstants,1,1,0,2,1,0,2,0,0,2.0,179,0.0,0,0.0,0.0,0,0,140.0,0,0.0
0,lucene,2.4,org.apache.lucene.index.InvertedDocConsumer,7,1,1,7,8,21,4,4,0,1.0,15,0.0,1,0.0,0.342857143,0,0,1.0,1,0.8571
1,lucene,2.4,org.apache.lucene.index.FreqProxTermsWriter,13,2,0,24,64,72,1,24,2,0.8666666670000001,856,0.2,2,0.38888888899999996,0.15555555599999998,1,1,64.46153846,4,1.1538
3,lucene,2.4,org.apache.lucene.index.StoredFieldsWriter,13,2,0,14,43,10,4,13,5,0.729166667,498,0.0,3,0.352941176,0.208333333,0,0,36.69230769,9,1.8462
2,lucene,2.4,org.apache.lucene.index.LogDocMergePolicy,4,3,0,3,5,0,1,2,3,1.333333333,27,0.0,0,0.892857143,0.5,1,2,5.5,1,0.75
1,lucene,2.4,org.apache.lucene.index.TermVectorOffsetInfo,9,1,0,11,10,2,11,0,8,0.666666667,83,0.666666667,1,0.0,0.5,1,1,7.8888888889999995,5,1.1111
1,lucene,2.4,org.apache.lucene.search.function.IntFieldSource,7,3,0,7,21,9,2,6,6,0.7777777779999999,120,0.333333333,1,0.705882353,0.333333333,2,3,15.71428571,6,1.7143
0,lucene,2.4,org.apache.lucene.search.SpanFilter,2,2,2,5,3,1,2,3,2,2.0,5,0.0,0,0.666666667,0.75,0,0,1.5,1,0.5
1,lucene,2.4,org.apache.lucene.search.TopDocCollector,6,2,1,7,13,0,2,5,4,0.6,117,1.0,2,0.25,0.5,0,0,18.0,4,1.3333
0,lucene,2.4,org.apache.lucene.index.CharBlockPool,3,1,0,5,7,0,4,1,3,0.35714285700000004,106,0.14285714300000002,1,0.0,0.666666667,0,0,32.0,2,1.0
1,lucene,2.4,org.apache.lucene.analysis.KeywordAnalyzer,3,2,0,4,8,3,0,4,3,2.0,31,0.0,0,0.7142857140000001,0.7777777779999999,1,2,9.333333332999999,1,0.6667
9,lucene,2.4,org.apache.lucene.store.FSDirectory,29,2,2,18,97,114,8,10,24,0.8464285709999999,1037,0.8,0,0.41304347799999996,0.267857143,1,8,34.41379310000001,3,1.0345
1,lucene,2.4,org.apache.lucene.analysis.CachingTokenFilter,6,3,0,3,19,7,0,3,3,0.8,107,0.5,0,0.636363636,0.4,2,3,16.16666667,1,0.6667
0,lucene,2.4,org.apache.lucene.search.BooleanClause,10,1,0,7,18,0,6,2,10,0.333333333,104,1.0,2,0.0,0.375,1,1,9.2,4,1.4
0,lucene,2.4,org.apache.lucene.index.IndexCommitPoint,3,1,0,2,3,3,2,0,3,2.0,3,0.0,0,0.0,1.0,0,0,0.0,1,1.0
0,lucene,2.4,org.apache.lucene.store.SingleInstanceLock,5,2,0,2,12,0,1,1,5,0.125,82,0.5,0,0.5,0.46666666700000003,1,2,15.0,1,0.8
0,lucene,2.4,org.apache.lucene.store.NoLockFactory,5,2,0,4,7,6,1,3,4,0.75,24,1.0,2,0.571428571,0.625,0,0,3.4,1,0.6
1,lucene,2.4,org.apache.lucene.search.ScoreDoc,1,1,1,23,2,0,23,0,1,2.0,12,0.0,0,0.0,1.0,0,0,9.0,0,0.0
0,lucene,2.4,org.apache.lucene.index.SegmentTermVector,8,1,1,4,15,0,3,1,7,0.571428571,133,1.0,0,0.0,0.35,0,0,15.25,4,1.75
0,lucene,2.4,org.apache.lucene.search.function.ValueSource,6,1,3,8,7,15,6,2,6,2.0,12,0.0,0,0.0,0.444444444,1,1,1.0,1,0.8333
0,lucene,2.4,org.apache.lucene.analysis.LengthFilter,4,3,0,3,12,2,0,3,2,0.75,79,0.0,0,0.7777777779999999,0.4,1,2,17.75,1,0.5
12,lucene,2.4,org.apache.lucene.search.IndexSearcher,15,2,0,24,41,0,4,20,14,0.35714285700000004,205,0.5,1,0.6764705879999999,0.18974359,1,3,12.53333333,1,0.7333
1,lucene,2.4,org.apache.lucene.queryParser.ParseException,5,3,0,3,18,0,2,1,4,0.55,408,0.4,1,0.8666666670000001,0.4,1,1,79.6,14,4.8
3,lucene,2.4,org.apache.lucene.index.LogByteSizeMergePolicy,6,3,0,3,8,3,1,2,5,1.2,54,0.0,0,0.833333333,0.5,1,2,7.666666667,1,0.8333
3,lucene,2.4,org.apache.lucene.search.Weight,6,1,0,48,6,15,45,4,6,2.0,6,0.0,0,0.0,0.41666666700000005,0,0,0.0,1,1.0
5,lucene,2.4,org.apache.lucene.search.Scorer,6,2,17,40,10,13,36,4,4,0.8,44,1.0,1,0.375,0.45833333299999995,0,0,6.166666667,1,0.8333
17,lucene,2.4,org.apache.lucene.index.IndexReader,76,1,4,128,131,2812,104,25,62,0.946666667,722,0.571428571,1,0.0,0.10083333300000001,0,0,8.407894737000001,12,1.1579
2,lucene,2.4,org.apache.lucene.analysis.CharArraySet,20,3,0,2,29,100,2,1,12,0.671052632,569,1.0,0,0.538461538,0.233333333,2,11,27.25,6,2.7
0,lucene,2.4,org.apache.lucene.index.InvertedDocEndConsumerPerField,3,1,1,5,4,3,5,0,0,2.0,6,0.0,0,0.0,1.0,0,0,1.0,1,0.6667
0,lucene,2.4,org.apache.lucene.index.FreqProxFieldMergeState,5,1,0,10,16,0,1,9,2,0.75,238,0.14285714300000002,6,0.0,0.41666666700000005,0,0,43.8,1,0.6
0,lucene,2.4,org.apache.lucene.index.IndexFileNameFilter,5,1,0,3,14,4,2,1,4,0.583333333,145,0.666666667,1,0.0,0.5,0,0,27.4,7,2.6
1,lucene,2.4,org.apache.lucene.analysis.LowerCaseTokenizer,2,5,0,3,4,1,2,1,1,2.0,9,0.0,0,0.9285714290000001,0.666666667,1,1,3.5,1,0.5
3,lucene,2.4,org.apache.lucene.util.OpenBitSet,55,2,1,12,69,0,9,4,54,0.240740741,1531,1.0,0,0.018867925,0.287878788,1,1,26.8,8,1.9455
2,lucene,2.4,org.apache.lucene.util.BitVector,15,1,0,8,29,0,5,3,9,0.28571428600000004,1538,1.0,0,0.0,0.321428571,0,0,101.2666667,10,2.0
1,lucene,2.4,org.apache.lucene.document.AbstractField,24,1,3,7,34,140,3,4,21,0.855978261,593,1.0,0,0.0,0.171875,0,0,23.04166667,20,2.125
5,lucene,2.4,org.apache.lucene.search.DisjunctionMaxQuery,14,2,0,7,38,0,2,6,11,0.384615385,318,1.0,0,0.5,0.171428571,2,5,21.57142857,6,1.5714
0,lucene,2.4,org.apache.lucene.index.TermVectorMapper,7,1,4,12,8,17,11,1,5,0.833333333,28,1.0,0,0.0,0.380952381,0,0,2.714285714,1,0.7143
3,lucene,2.4,org.apache.lucene.search.DocIdSetIterator,4,1,4,14,5,6,14,0,4,2.0,7,0.0,0,0.0,0.625,0,0,0.75,1,0.75
2,lucene,2.4,org.apache.lucene.search.Hits,12,1,0,15,34,26,3,14,5,0.675324675,480,0.9285714290000001,6,0.0,0.321428571,0,0,37.83333333,4,1.1667
4,lucene,2.4,org.apache.lucene.search.BooleanScorer,12,3,0,8,29,26,1,7,7,0.609090909,461,1.0,3,0.444444444,0.305555556,1,3,36.58333333,2,1.0833
1,lucene,2.4,org.apache.lucene.search.spans.SpanTermQuery,10,3,1,10,28,0,2,8,10,0.0,122,1.0,1,0.653846154,0.26666666699999997,2,2,11.1,4,1.3
0,lucene,2.4,org.apache.lucene.util.StringHelper,3,1,0,1,6,3,1,0,2,2.0,62,0.0,0,0.0,0.333333333,0,0,19.66666667,4,2.6667
0,lucene,2.4,org.apache.lucene.search.SpanFilterResult,5,1,0,4,6,0,3,1,5,0.666666667,35,1.0,1,0.0,0.45,0,0,5.4,1,0.6
0,lucene,2.4,org.apache.lucene.store.RAMInputStream,8,2,0,3,17,0,1,2,6,0.5,236,0.875,1,0.708333333,0.270833333,1,4,27.5,2,1.0
3,lucene,2.4,org.apache.lucene.search.Searcher,24,1,3,41,29,270,30,14,23,0.913043478,138,1.0,1,0.0,0.275,0,0,4.708333333,1,0.9583
2,lucene,2.4,org.apache.lucene.search.payloads.BoostingTermQuery,4,4,0,6,8,4,2,5,2,2.0,42,0.0,0,0.896551724,0.35,1,1,9.5,4,1.5
4,lucene,2.4,org.apache.lucene.analysis.Analyzer,6,1,6,15,10,9,14,1,4,0.6,31,1.0,0,0.0,0.5,0,0,4.0,1,0.8333
2,lucene,2.4,org.apache.lucene.store.SimpleFSLockFactory,6,2,0,5,17,3,2,3,4,0.2,102,1.0,0,0.571428571,0.611111111,0,0,15.83333333,2,0.6667
0,lucene,2.4,org.apache.lucene.store.LockReleaseFailedException,1,4,0,2,2,0,2,0,1,2.0,5,0.0,0,1.0,1.0,0,0,4.0,0,0.0
3,lucene,2.4,org.apache.lucene.analysis.TokenFilter,3,2,8,9,6,0,8,1,2,0.0,20,1.0,1,0.7142857140000001,0.666666667,0,0,5.333333333,1,0.6667
0,lucene,2.4,org.apache.lucene.index.DocFieldConsumersPerThread,7,2,0,9,19,0,2,9,5,0.694444444,146,0.0,4,0.444444444,0.27777777800000003,0,0,19.0,3,1.0
1,lucene,2.4,org.apache.lucene.util.UnicodeUtil,7,1,0,8,15,1,6,2,5,1.075757576,969,0.363636364,0,0.0,0.333333333,0,0,135.8571429,14,7.7143
0,lucene,2.4,org.apache.lucene.search.PhraseQueue,2,2,0,5,4,1,3,2,0,2.0,51,0.0,0,0.923076923,0.666666667,1,3,24.5,6,3.0
4,lucene,2.4,org.apache.lucene.search.PhraseScorer,13,3,2,9,34,0,2,7,6,0.666666667,345,1.0,4,0.4,0.21978022,1,3,24.84615385,3,1.1538
5,lucene,2.4,org.apache.lucene.store.MMapDirectory,3,3,0,5,11,3,0,5,3,1.0,55,1.0,0,0.958333333,0.666666667,1,2,17.0,1,0.6667
4,lucene,2.4,org.apache.lucene.analysis.standard.StandardAnalyzer,19,2,0,10,36,0,0,10,18,0.537037037,242,0.666666667,0,0.384615385,0.25,1,2,11.42105263,1,0.4211
0,lucene,2.4,org.apache.lucene.store.RAMOutputStream,16,2,0,11,33,26,9,2,11,0.688888889,332,0.666666667,1,0.566666667,0.175,1,5,19.1875,2,0.9375
0,lucene,2.4,org.apache.lucene.store.AlreadyClosedException,1,5,0,5,2,0,5,0,1,2.0,5,0.0,0,1.0,1.0,0,0,4.0,0,0.0
2,lucene,2.4,org.apache.lucene.search.ExtendedFieldCacheImpl,7,2,0,12,15,11,4,12,5,0.7666666670000001,84,0.4,5,0.705882353,0.6,0,0,10.28571429,1,0.7143
0,lucene,2.4,org.apache.lucene.index.FieldReaderException,4,4,0,1,8,6,1,0,4,2.0,20,0.0,0,1.0,0.666666667,0,0,4.0,0,0.0
2,lucene,2.4,org.apache.lucene.index.FieldInfo,4,1,0,29,5,0,29,0,1,0.148148148,172,0.0,0,0.0,0.45,0,0,39.75,8,4.25
2,lucene,2.4,org.apache.lucene.index.SegmentTermDocs,13,1,2,14,34,10,3,12,8,0.682291667,455,0.875,4,0.0,0.23076923100000002,0,0,32.76923077,1,0.9231
2,lucene,2.4,org.apache.lucene.search.spans.PayloadSpans,2,1,0,15,2,1,14,1,2,2.0,2,0.0,0,0.0,1.0,0,0,0.0,1,1.0
0,lucene,2.4,org.apache.lucene.search.HitIterator,5,1,0,2,10,0,1,2,4,0.375,60,1.0,1,0.0,0.6,0,0,10.6,2,1.2
6,lucene,2.4,org.apache.lucene.search.BooleanScorer2,21,3,0,16,56,104,5,15,10,0.65625,500,1.0,3,0.32,0.2375,1,3,22.42857143,5,1.0952
5,lucene,2.4,org.apache.lucene.search.PhraseQuery,15,2,0,10,43,0,4,7,11,0.614285714,382,1.0,0,0.46153846200000004,0.19166666699999999,2,3,24.13333333,9,2.1333
4,lucene,2.4,org.apache.lucene.analysis.Token,51,1,0,25,77,43,23,2,45,0.655384615,1122,0.23076923100000002,1,0.0,0.28571428600000004,1,1,20.74509804,12,1.7255
1,lucene,2.4,org.apache.lucene.search.payloads.PayloadSpanUtil,4,1,0,15,36,4,0,15,2,0.333333333,356,1.0,1,0.0,0.5,0,0,87.75,1,0.75
1,lucene,2.4,org.apache.lucene.search.SortComparatorSource,1,1,0,6,1,0,4,2,1,2.0,1,0.0,0,0.0,1.0,0,0,0.0,1,1.0
0,lucene,2.4,org.apache.lucene.index.InvertedDocConsumerPerThread,5,1,1,9,6,10,6,4,0,2.0,8,0.0,0,0.0,0.46666666700000003,0,0,0.6,1,0.8
0,lucene,2.4,org.apache.lucene.analysis.TeeTokenFilter,4,3,0,4,12,2,0,4,2,0.7777777779999999,58,0.0,1,0.7777777779999999,0.4,1,2,12.75,1,0.5
2,lucene,2.4,org.apache.lucene.search.DisjunctionMaxScorer,11,3,0,4,25,0,1,3,7,0.625,447,1.0,0,0.444444444,0.287878788,1,3,39.27272727,6,1.5455
1,lucene,2.4,org.apache.lucene.index.MergeDocIDRemapper,4,1,0,5,12,2,2,3,2,0.708333333,354,0.0,0,0.0,0.428571429,0,0,85.5,10,2.75
3,lucene,2.4,org.apache.lucene.store.NativeFSLockFactory,7,2,0,5,27,9,2,3,4,0.333333333,186,1.0,0,0.5,0.571428571,0,0,25.42857143,2,0.7143
1,lucene,2.4,org.apache.lucene.search.SimilarityDelegator,8,2,1,2,16,0,1,1,8,0.0,56,1.0,1,0.681818182,0.39583333299999995,1,2,5.875,1,0.875
1,lucene,2.4,org.apache.lucene.store.SingleInstanceLockFactory,3,2,0,4,8,0,1,3,3,0.0,43,1.0,0,0.666666667,0.833333333,0,0,13.0,1,0.6667
3,lucene,2.4,org.apache.lucene.search.TimeLimitedCollector,8,2,0,4,15,0,1,4,6,0.8214285709999999,102,0.75,2,0.14285714300000002,0.23809523800000001,0,0,10.75,3,1.0
7,lucene,2.4,org.apache.lucene.search.SortField,15,1,0,9,22,0,8,1,14,0.900793651,286,0.222222222,3,0.0,0.380952381,0,0,16.86666667,7,0.8
5,lucene,2.4,org.apache.lucene.search.CachingWrapperFilter,6,2,1,4,18,0,1,3,6,0.4,162,1.0,1,0.28571428600000004,0.41666666700000005,2,2,25.66666667,2,1.0
0,lucene,2.4,org.apache.lucene.index.TermPositionVector,2,1,0,4,2,1,2,2,2,2.0,2,0.0,0,0.0,1.0,0,0,0.0,1,1.0
0,lucene,2.4,org.apache.lucene.queryParser.FastCharStream,14,1,0,2,25,3,1,1,13,0.602564103,237,0.0,0,0.0,0.404761905,0,0,15.5,1,0.9286
1,lucene,2.4,org.apache.lucene.search.WildcardTermEnum,6,3,0,5,20,5,1,4,5,0.825,247,0.0,1,0.7222222220000001,0.333333333,1,4,38.83333333,16,3.6667
2,lucene,2.4,org.apache.lucene.index.IndexCommit,12,1,3,9,18,66,7,2,12,2.0,78,0.0,0,0.0,0.541666667,1,1,5.5,4,1.1667
1,lucene,2.4,org.apache.lucene.analysis.StopFilter,13,3,0,6,29,38,2,4,11,0.716666667,178,0.6,1,0.46666666700000003,0.28571428600000004,1,2,12.30769231,1,0.6154
1,lucene,2.4,org.apache.lucene.util.ScorerDocQueue,16,1,0,3,24,0,2,2,12,0.38333333299999994,361,1.0,2,0.0,0.328125,0,0,21.3125,7,1.75
0,lucene,2.4,org.apache.lucene.search.DefaultSimilarity,7,2,0,3,10,21,3,1,7,2.0,54,0.0,0,0.7142857140000001,0.5,1,2,6.714285714,1,0.8571
0,lucene,2.4,org.apache.lucene.index.TermsHashPerThread,10,2,0,24,37,7,9,18,4,0.759259259,276,0.0,8,0.333333333,0.18888888899999998,0,0,25.4,4,1.4
2,lucene,2.4,org.apache.lucene.index.ReadOnlyMultiSegmentReader,3,4,0,6,6,3,3,5,0,2.0,22,0.0,0,0.992366412,0.571428571,1,2,6.333333333,1,0.3333
