bug,name,version,name.1,wmc,dit,noc,cbo,rfc,lcom,ca,ce,npm,lcom3,loc,dam,moa,mfa,cam,ic,cbm,amc,max_cc,avg_cc
0,TermoProjekt,1,termoprojektprogram.SesjaKadrowegoDAO_MySQL,3,1,0,6,26,3,1,5,3,2.0,230,0.0,0,0.0,0.666666667,0,0,75.66666667,2,1.3333
0,TermoProjekt,1,termoprojektprogram.UzytkownikTO,2,1,0,10,3,0,8,2,1,0.8,31,0.2,2,0.0,0.75,0,0,12.0,1,0.5
1,TermoProjekt,1,termoprojektprogram.Pracownik,5,1,0,11,9,0,10,3,4,0.5,88,0.0,1,0.0,0.8,0,0,14.8,3,1.0
0,TermoProjekt,1,termoprojektprogram.Projekt,6,1,0,10,13,0,6,4,6,0.0,225,1.0,1,0.0,0.41666666700000005,0,0,36.16666667,1,0.6667
1,TermoProjekt,1,termoprojektprogram.SesjaKadrowego,3,2,0,7,7,0,1,6,3,0.0,30,0.0,1,0.666666667,0.5555555560000001,1,3,8.666666667000001,2,1.0
1,TermoProjekt,1,termoprojektprogram.DodajProjektDialog,8,6,0,9,52,24,4,9,3,0.6,509,1.0,1,0.9858823529999999,0.291666667,0,0,60.75,2,0.875
0,TermoProjekt,1,termoprojektprogram.SesjaKierownikaProjektuDAO,1,1,0,3,1,0,3,0,1,2.0,1,0.0,0,0.0,1.0,0,0,0.0,1,1.0
0,TermoProjekt,1,termoprojektprogram.SesjaKierownikaPrzedsiebiorstwa,6,2,0,13,26,0,1,12,6,0.8,184,0.0,1,0.444444444,0.433333333,1,3,29.5,1,0.8333
0,TermoProjekt,1,termoprojektprogram.PracownikDAO,2,1,0,4,2,1,3,2,2,2.0,2,0.0,0,0.0,0.833333333,0,0,0.0,1,1.0
1,TermoProjekt,1,termoprojektprogram.ProjektDAO_MySQL,5,1,0,5,26,10,1,4,5,2.0,430,0.0,0,0.0,0.6,0,0,85.0,2,1.0
0,TermoProjekt,1,termoprojektprogram.SesjaKierownikaProjektuDAO_MySQL,2,1,0,4,20,1,1,3,2,2.0,81,0.0,0,0.0,0.75,0,0,39.5,2,1.0
0,TermoProjekt,1,termoprojektprogram.EdytujStanZaawansowaniaProjektuDialog,7,6,0,9,41,11,3,9,1,0.6333333329999999,217,0.8,2,0.9858823529999999,0.333333333,0,0,29.28571429,1,0.8571
0,TermoProjekt,1,termoprojektprogram.ProjektTO,4,1,0,11,7,4,10,1,2,1.233333333,48,0.1,0,0.0,0.625,0,0,8.5,1,0.5
0,TermoProjekt,1,termoprojektprogram.SesjaKierownikaProjektu,5,2,0,12,22,0,1,11,5,0.75,167,1.0,1,0.5,0.44,1,3,32.2,1,0.8
0,TermoProjekt,1,termoprojektprogram.PracownikWalid,2,1,0,3,3,0,3,0,1,0.0,51,0.0,0,0.0,1.0,0,0,21.5,7,3.5
1,TermoProjekt,1,termoprojektprogram.EdytujPracownikaDialog,7,6,0,6,51,11,3,6,1,0.635416667,590,1.0,2,0.9858823529999999,0.333333333,0,0,81.0,8,1.8571
0,TermoProjekt,1,termoprojektprogram.typUzytEnu,6,2,0,7,9,7,7,0,4,0.857142857,116,0.28571428600000004,6,0.7333333329999999,0.4,1,1,17.16666667,3,1.0
0,TermoProjekt,1,termoprojektprogram.SesjaKadrowegoDAO,2,1,0,5,2,1,3,2,2,2.0,2,0.0,0,0.0,0.75,0,0,0.0,1,1.0
0,TermoProjekt,1,termoprojektprogram.Sesja,5,1,4,10,11,0,6,4,5,0.0,64,1.0,1,0.0,0.6,0,0,11.6,1,0.8
0,TermoProjekt,1,termoprojektprogram.LogujException,2,3,0,10,3,0,10,0,1,0.0,16,1.0,0,0.9285714290000001,0.666666667,0,0,6.5,1,0.5
1,TermoProjekt,1,termoprojektprogram.MySQLConnector,4,1,0,7,10,0,7,0,2,0.611111111,55,1.0,0,0.0,0.333333333,0,0,11.25,1,0.5
1,TermoProjekt,1,termoprojektprogram.UzytkownikDAO_MySQL,3,1,0,7,25,3,1,6,3,2.0,172,0.0,0,0.0,0.5555555560000001,0,0,56.33333333,2,1.0
0,TermoProjekt,1,termoprojektprogram.ProjektDAO,4,1,0,4,4,6,3,1,4,2.0,4,0.0,0,0.0,0.666666667,0,0,0.0,1,1.0
0,TermoProjekt,1,termoprojektprogram.FabrykaDAO,7,1,0,18,14,21,6,12,6,2.0,34,0.0,0,0.0,0.14285714300000002,0,0,3.857142857,1,0.8571
0,TermoProjekt,1,termoprojektprogram.DBConnectionException,1,4,0,7,2,0,7,0,0,2.0,5,0.0,0,1.0,1.0,0,0,4.0,0,0.0
3,TermoProjekt,1,termoprojektprogram.PracownikTO,4,1,0,10,9,2,9,2,2,0.666666667,114,0.0,0,0.0,0.5,0,0,25.75,1,0.25
1,TermoProjekt,1,termoprojektprogram.LoginDialog,13,6,0,10,75,74,6,10,2,0.7857142859999999,390,1.0,1,0.972157773,0.240384615,0,0,28.46153846,2,1.0
0,TermoProjekt,1,termoprojektprogram.SesjaKierownikaPrzedsiebiorstwaDAO,1,1,0,3,1,0,3,0,1,2.0,1,0.0,0,0.0,1.0,0,0,0.0,1,1.0
0,TermoProjekt,1,termoprojektprogram.DostepException,2,3,0,5,3,0,5,0,1,0.0,16,1.0,0,0.9285714290000001,0.666666667,0,0,6.5,1,0.5
2,TermoProjekt,1,termoprojektprogram.MainWindow,32,6,0,33,167,350,22,33,2,0.819979188,2353,0.967741935,1,0.9330453559999999,0.267857143,0,0,71.5625,2,1.1563
0,TermoProjekt,1,termoprojektprogram.SesjaKierownikaPrzedsiebiorstwaDAO_MySQL,2,1,0,4,20,1,1,3,2,2.0,72,0.0,0,0.0,1.0,0,0,35.0,2,1.0
0,TermoProjekt,1,termoprojektprogram.LoginException,2,3,0,0,3,0,0,0,1,0.0,16,1.0,0,0.9285714290000001,0.666666667,0,0,6.5,1,0.5
0,TermoProjekt,1,termoprojektprogram.ProjektException,2,3,0,8,3,0,8,0,1,0.0,16,1.0,0,0.9285714290000001,0.666666667,0,0,6.5,1,0.5
2,TermoProjekt,1,termoprojektprogram.EdytujInfoOProjekcieDialog,7,6,0,9,50,9,3,9,2,0.6083333329999999,693,0.95,2,0.9858823529999999,0.333333333,0,0,95.14285714,1,0.8571
0,TermoProjekt,1,termoprojektprogram.UzytkownikDAO,2,1,0,4,2,1,3,1,2,2.0,2,0.0,0,0.0,0.666666667,0,0,0.0,1,1.0
0,TermoProjekt,1,termoprojektprogram.PracownikDAO_MySQL,3,1,0,6,16,3,1,5,3,2.0,168,0.0,0,0.0,0.666666667,0,0,55.0,1,0.6667
0,TermoProjekt,1,termoprojektprogram.Uzytkownik,4,1,0,12,10,0,7,5,4,0.0,151,1.0,1,0.0,0.75,0,0,36.25,1,0.75
0,TermoProjekt,1,termoprojektprogram.SesjaKsiegowego,1,2,0,3,2,0,1,2,1,2.0,8,0.0,0,1.0,1.0,1,3,7.0,0,0.0
0,TermoProjekt,1,termoprojektprogram.ProjektWalid,1,1,0,2,2,0,2,0,1,2.0,40,0.0,0,0.0,1.0,0,0,30.0,0,0.0
1,TermoProjekt,1,termoprojektprogram.DodajPracownikaDialog,6,6,0,7,49,11,3,7,1,0.6266666670000001,540,1.0,1,0.988207547,0.4,0,0,86.5,8,2.0
0,TermoProjekt,1,termoprojektprogram.stanLogEnu,6,2,0,7,9,7,7,0,4,0.8,92,0.4,4,0.7333333329999999,0.4,1,1,13.5,3,1.0
1,TermoProjekt,1,termoprojektprogram.FasadaAplikacji,13,1,0,23,35,0,6,17,12,0.0,215,0.0,1,0.0,0.33846153799999995,0,0,15.46153846,1,0.9231
